Fitter report for top
Tue Jul 28 00:59:23 2026
Quartus Prime Version 25.1std.0 Build 1129 10/21/2025 SC Lite Edition


---------------------
; Table of Contents ;
---------------------
  1. Legal Notice
  2. Fitter Summary
  3. Fitter Settings
  4. Parallel Compilation
  5. Incremental Compilation Preservation Summary
  6. Incremental Compilation Partition Settings
  7. Incremental Compilation Placement Preservation
  8. Pin-Out File
  9. Fitter Resource Usage Summary
 10. Fitter Partition Statistics
 11. Input Pins
 12. Output Pins
 13. Dual Purpose and Dedicated Pins
 14. I/O Bank Usage
 15. All Package Pins
 16. I/O Assignment Warnings
 17. Fitter Resource Utilization by Entity
 18. Delay Chain Summary
 19. Pad To Core Delay Chain Fanout
 20. Control Signals
 21. Global & Other Fast Signals
 22. Non-Global High Fan-Out Signals
 23. Routing Usage Summary
 24. LAB Logic Elements
 25. LAB-wide Signals
 26. LAB Signals Sourced
 27. LAB Signals Sourced Out
 28. LAB Distinct Inputs
 29. I/O Rules Summary
 30. I/O Rules Details
 31. I/O Rules Matrix
 32. Fitter Device Options
 33. Operating Settings and Conditions
 34. Fitter Messages



----------------
; Legal Notice ;
----------------
Copyright (C) 2025  Altera Corporation. All rights reserved.
Your use of Altera Corporation's design tools, logic functions 
and other software and tools, and any partner logic 
functions, and any output files from any of the foregoing 
(including device programming or simulation files), and any 
associated documentation or information are expressly subject 
to the terms and conditions of the Altera Program License 
Subscription Agreement, the Altera Quartus Prime License Agreement,
the Altera IP License Agreement, or other applicable license
agreement, including, without limitation, that your use is for
the sole purpose of programming logic devices manufactured by
Altera and sold by Altera or its authorized distributors.  Please
refer to the Altera Software License Subscription Agreements 
on the Quartus Prime software download page.



+--------------------------------------------------------------------------------------+
; Fitter Summary                                                                       ;
+------------------------------------+-------------------------------------------------+
; Fitter Status                      ; Successful - Tue Jul 28 00:59:23 2026           ;
; Quartus Prime Version              ; 25.1std.0 Build 1129 10/21/2025 SC Lite Edition ;
; Revision Name                      ; top                                             ;
; Top-level Entity Name              ; top                                             ;
; Family                             ; Cyclone IV E                                    ;
; Device                             ; EP4CE22F17C6                                    ;
; Timing Models                      ; Final                                           ;
; Total logic elements               ; 18,715 / 22,320 ( 84 % )                        ;
;     Total combinational functions  ; 18,581 / 22,320 ( 83 % )                        ;
;     Dedicated logic registers      ; 2,536 / 22,320 ( 11 % )                         ;
; Total registers                    ; 2536                                            ;
; Total pins                         ; 8 / 154 ( 5 % )                                 ;
; Total virtual pins                 ; 0                                               ;
; Total memory bits                  ; 0 / 608,256 ( 0 % )                             ;
; Embedded Multiplier 9-bit elements ; 0 / 132 ( 0 % )                                 ;
; Total PLLs                         ; 0 / 4 ( 0 % )                                   ;
+------------------------------------+-------------------------------------------------+


+----------------------------------------------------------------------------------------------------------------------------------------------------+
; Fitter Settings                                                                                                                                    ;
+--------------------------------------------------------------------+---------------------------------------+---------------------------------------+
; Option                                                             ; Setting                               ; Default Value                         ;
+--------------------------------------------------------------------+---------------------------------------+---------------------------------------+
; Device                                                             ; EP4CE22F17C6                          ;                                       ;
; Nominal Core Supply Voltage                                        ; 1.2V                                  ;                                       ;
; Minimum Core Junction Temperature                                  ; 0                                     ;                                       ;
; Maximum Core Junction Temperature                                  ; 85                                    ;                                       ;
; Fit Attempts to Skip                                               ; 0                                     ; 0.0                                   ;
; Use smart compilation                                              ; Off                                   ; Off                                   ;
; Enable parallel Assembler and Timing Analyzer during compilation   ; On                                    ; On                                    ;
; Enable compact report table                                        ; Off                                   ; Off                                   ;
; Auto Merge PLLs                                                    ; On                                    ; On                                    ;
; Router Timing Optimization Level                                   ; Normal                                ; Normal                                ;
; Perform Clocking Topology Analysis During Routing                  ; Off                                   ; Off                                   ;
; Placement Effort Multiplier                                        ; 1.0                                   ; 1.0                                   ;
; Router Effort Multiplier                                           ; 1.0                                   ; 1.0                                   ;
; Optimize Hold Timing                                               ; All Paths                             ; All Paths                             ;
; Optimize Multi-Corner Timing                                       ; On                                    ; On                                    ;
; Power Optimization During Fitting                                  ; Normal compilation                    ; Normal compilation                    ;
; SSN Optimization                                                   ; Off                                   ; Off                                   ;
; Optimize Timing                                                    ; Normal compilation                    ; Normal compilation                    ;
; Optimize Timing for ECOs                                           ; Off                                   ; Off                                   ;
; Regenerate Full Fit Report During ECO Compiles                     ; Off                                   ; Off                                   ;
; Optimize IOC Register Placement for Timing                         ; Normal                                ; Normal                                ;
; Limit to One Fitting Attempt                                       ; Off                                   ; Off                                   ;
; Final Placement Optimizations                                      ; Automatically                         ; Automatically                         ;
; Fitter Aggressive Routability Optimizations                        ; Automatically                         ; Automatically                         ;
; Fitter Initial Placement Seed                                      ; 1                                     ; 1                                     ;
; Periphery to Core Placement and Routing Optimization               ; Off                                   ; Off                                   ;
; PCI I/O                                                            ; Off                                   ; Off                                   ;
; Weak Pull-Up Resistor                                              ; Off                                   ; Off                                   ;
; Enable Bus-Hold Circuitry                                          ; Off                                   ; Off                                   ;
; Auto Packed Registers                                              ; Auto                                  ; Auto                                  ;
; Auto Delay Chains                                                  ; On                                    ; On                                    ;
; Auto Delay Chains for High Fanout Input Pins                       ; Off                                   ; Off                                   ;
; Allow Single-ended Buffer for Differential-XSTL Input              ; Off                                   ; Off                                   ;
; Treat Bidirectional Pin as Output Pin                              ; Off                                   ; Off                                   ;
; Perform Physical Synthesis for Combinational Logic for Fitting     ; Off                                   ; Off                                   ;
; Perform Physical Synthesis for Combinational Logic for Performance ; Off                                   ; Off                                   ;
; Perform Register Duplication for Performance                       ; Off                                   ; Off                                   ;
; Perform Logic to Memory Mapping for Fitting                        ; Off                                   ; Off                                   ;
; Perform Register Retiming for Performance                          ; Off                                   ; Off                                   ;
; Perform Asynchronous Signal Pipelining                             ; Off                                   ; Off                                   ;
; Fitter Effort                                                      ; Auto Fit                              ; Auto Fit                              ;
; Physical Synthesis Effort Level                                    ; Normal                                ; Normal                                ;
; Logic Cell Insertion - Logic Duplication                           ; Auto                                  ; Auto                                  ;
; Auto Register Duplication                                          ; Auto                                  ; Auto                                  ;
; Auto Global Clock                                                  ; On                                    ; On                                    ;
; Auto Global Register Control Signals                               ; On                                    ; On                                    ;
; Reserve all unused pins                                            ; As input tri-stated with weak pull-up ; As input tri-stated with weak pull-up ;
; Synchronizer Identification                                        ; Auto                                  ; Auto                                  ;
; Enable Beneficial Skew Optimization                                ; On                                    ; On                                    ;
; Optimize Design for Metastability                                  ; On                                    ; On                                    ;
; Force Fitter to Avoid Periphery Placement Warnings                 ; Off                                   ; Off                                   ;
; Enable input tri-state on active configuration pins in user mode   ; Off                                   ; Off                                   ;
+--------------------------------------------------------------------+---------------------------------------+---------------------------------------+


+------------------------------------------+
; Parallel Compilation                     ;
+----------------------------+-------------+
; Processors                 ; Number      ;
+----------------------------+-------------+
; Number detected on machine ; 12          ;
; Maximum allowed            ; 12          ;
;                            ;             ;
; Average used               ; 1.28        ;
; Maximum used               ; 12          ;
;                            ;             ;
; Usage by Processor         ; % Time Used ;
;     Processor 1            ; 100.0%      ;
;     Processor 2            ;   3.0%      ;
;     Processor 3            ;   2.9%      ;
;     Processor 4            ;   2.8%      ;
;     Processor 5            ;   2.8%      ;
;     Processor 6            ;   2.7%      ;
;     Processor 7            ;   2.7%      ;
;     Processor 8            ;   2.7%      ;
;     Processor 9            ;   2.1%      ;
;     Processors 10-12       ;   2.1%      ;
+----------------------------+-------------+


+----------------------------------------------------------------------------------------------------+
; Incremental Compilation Preservation Summary                                                       ;
+---------------------+----------------------+----------------------------+--------------------------+
; Type                ; Total [A + B]        ; From Design Partitions [A] ; From Rapid Recompile [B] ;
+---------------------+----------------------+----------------------------+--------------------------+
; Placement (by node) ;                      ;                            ;                          ;
;     -- Requested    ; 0.00 % ( 0 / 21145 ) ; 0.00 % ( 0 / 21145 )       ; 0.00 % ( 0 / 21145 )     ;
;     -- Achieved     ; 0.00 % ( 0 / 21145 ) ; 0.00 % ( 0 / 21145 )       ; 0.00 % ( 0 / 21145 )     ;
;                     ;                      ;                            ;                          ;
; Routing (by net)    ;                      ;                            ;                          ;
;     -- Requested    ; 0.00 % ( 0 / 0 )     ; 0.00 % ( 0 / 0 )           ; 0.00 % ( 0 / 0 )         ;
;     -- Achieved     ; 0.00 % ( 0 / 0 )     ; 0.00 % ( 0 / 0 )           ; 0.00 % ( 0 / 0 )         ;
+---------------------+----------------------+----------------------------+--------------------------+


+----------------------------------------------------------------------------------------------------------------------------------------------------------------------------------------+
; Incremental Compilation Partition Settings                                                                                                                                             ;
+--------------------------------+----------------+-------------------+-------------------------+------------------------+------------------------------+--------------------------------+
; Partition Name                 ; Partition Type ; Netlist Type Used ; Preservation Level Used ; Netlist Type Requested ; Preservation Level Requested ; Contents                       ;
+--------------------------------+----------------+-------------------+-------------------------+------------------------+------------------------------+--------------------------------+
; Top                            ; User-created   ; Source File       ; N/A                     ; Source File            ; N/A                          ;                                ;
; hard_block:auto_generated_inst ; Auto-generated ; Source File       ; N/A                     ; Source File            ; N/A                          ; hard_block:auto_generated_inst ;
+--------------------------------+----------------+-------------------+-------------------------+------------------------+------------------------------+--------------------------------+


+------------------------------------------------------------------------------------------------------------------------------------+
; Incremental Compilation Placement Preservation                                                                                     ;
+--------------------------------+-----------------------+-------------------------+-------------------+---------------------+-------+
; Partition Name                 ; Preservation Achieved ; Preservation Level Used ; Netlist Type Used ; Preservation Method ; Notes ;
+--------------------------------+-----------------------+-------------------------+-------------------+---------------------+-------+
; Top                            ; 0.00 % ( 0 / 21135 )  ; N/A                     ; Source File       ; N/A                 ;       ;
; hard_block:auto_generated_inst ; 0.00 % ( 0 / 10 )     ; N/A                     ; Source File       ; N/A                 ;       ;
+--------------------------------+-----------------------+-------------------------+-------------------+---------------------+-------+


+--------------+
; Pin-Out File ;
+--------------+
The pin-out file can be found in /home/akshat/projects/chip8_vga/output_files/top.pin.


+------------------------------------------------------------------------+
; Fitter Resource Usage Summary                                          ;
+---------------------------------------------+--------------------------+
; Resource                                    ; Usage                    ;
+---------------------------------------------+--------------------------+
; Total logic elements                        ; 18,715 / 22,320 ( 84 % ) ;
;     -- Combinational with no register       ; 16179                    ;
;     -- Register only                        ; 134                      ;
;     -- Combinational with a register        ; 2402                     ;
;                                             ;                          ;
; Logic element usage by number of LUT inputs ;                          ;
;     -- 4 input functions                    ; 14763                    ;
;     -- 3 input functions                    ; 2743                     ;
;     -- <=2 input functions                  ; 1075                     ;
;     -- Register only                        ; 134                      ;
;                                             ;                          ;
; Logic elements by mode                      ;                          ;
;     -- normal mode                          ; 18333                    ;
;     -- arithmetic mode                      ; 248                      ;
;                                             ;                          ;
; Total registers*                            ; 2,536 / 23,018 ( 11 % )  ;
;     -- Dedicated logic registers            ; 2,536 / 22,320 ( 11 % )  ;
;     -- I/O registers                        ; 0 / 698 ( 0 % )          ;
;                                             ;                          ;
; Total LABs:  partially or completely used   ; 1,253 / 1,395 ( 90 % )   ;
; Virtual pins                                ; 0                        ;
; I/O pins                                    ; 8 / 154 ( 5 % )          ;
;     -- Clock pins                           ; 1 / 7 ( 14 % )           ;
;     -- Dedicated input pins                 ; 0 / 9 ( 0 % )            ;
;                                             ;                          ;
; M9Ks                                        ; 0 / 66 ( 0 % )           ;
; Total block memory bits                     ; 0 / 608,256 ( 0 % )      ;
; Total block memory implementation bits      ; 0 / 608,256 ( 0 % )      ;
; Embedded Multiplier 9-bit elements          ; 0 / 132 ( 0 % )          ;
; PLLs                                        ; 0 / 4 ( 0 % )            ;
; Global signals                              ; 1                        ;
;     -- Global clocks                        ; 1 / 20 ( 5 % )           ;
; JTAGs                                       ; 0 / 1 ( 0 % )            ;
; CRC blocks                                  ; 0 / 1 ( 0 % )            ;
; ASMI blocks                                 ; 0 / 1 ( 0 % )            ;
; Oscillator blocks                           ; 0 / 1 ( 0 % )            ;
; Impedance control blocks                    ; 0 / 4 ( 0 % )            ;
; Average interconnect usage (total/H/V)      ; 40.6% / 38.2% / 43.9%    ;
; Peak interconnect usage (total/H/V)         ; 69.7% / 65.3% / 76.0%    ;
; Maximum fan-out                             ; 2591                     ;
; Highest non-global fan-out                  ; 2591                     ;
; Total fan-out                               ; 80690                    ;
; Average fan-out                             ; 3.80                     ;
+---------------------------------------------+--------------------------+
*  Register count does not include registers inside RAM blocks or DSP blocks.



+-------------------------------------------------------------------------------------------------------+
; Fitter Partition Statistics                                                                           ;
+---------------------------------------------+------------------------+--------------------------------+
; Statistic                                   ; Top                    ; hard_block:auto_generated_inst ;
+---------------------------------------------+------------------------+--------------------------------+
; Difficulty Clustering Region                ; Low                    ; Low                            ;
;                                             ;                        ;                                ;
; Total logic elements                        ; 18715 / 22320 ( 84 % ) ; 0 / 22320 ( 0 % )              ;
;     -- Combinational with no register       ; 16179                  ; 0                              ;
;     -- Register only                        ; 134                    ; 0                              ;
;     -- Combinational with a register        ; 2402                   ; 0                              ;
;                                             ;                        ;                                ;
; Logic element usage by number of LUT inputs ;                        ;                                ;
;     -- 4 input functions                    ; 14763                  ; 0                              ;
;     -- 3 input functions                    ; 2743                   ; 0                              ;
;     -- <=2 input functions                  ; 1075                   ; 0                              ;
;     -- Register only                        ; 134                    ; 0                              ;
;                                             ;                        ;                                ;
; Logic elements by mode                      ;                        ;                                ;
;     -- normal mode                          ; 18333                  ; 0                              ;
;     -- arithmetic mode                      ; 248                    ; 0                              ;
;                                             ;                        ;                                ;
; Total registers                             ; 2536                   ; 0                              ;
;     -- Dedicated logic registers            ; 2536 / 22320 ( 11 % )  ; 0 / 22320 ( 0 % )              ;
;     -- I/O registers                        ; 0                      ; 0                              ;
;                                             ;                        ;                                ;
; Total LABs:  partially or completely used   ; 1253 / 1395 ( 90 % )   ; 0 / 1395 ( 0 % )               ;
;                                             ;                        ;                                ;
; Virtual pins                                ; 0                      ; 0                              ;
; I/O pins                                    ; 8                      ; 0                              ;
; Embedded Multiplier 9-bit elements          ; 0 / 132 ( 0 % )        ; 0 / 132 ( 0 % )                ;
; Total memory bits                           ; 0                      ; 0                              ;
; Total RAM block bits                        ; 0                      ; 0                              ;
; Clock control block                         ; 1 / 24 ( 4 % )         ; 0 / 24 ( 0 % )                 ;
;                                             ;                        ;                                ;
; Connections                                 ;                        ;                                ;
;     -- Input Connections                    ; 0                      ; 0                              ;
;     -- Registered Input Connections         ; 0                      ; 0                              ;
;     -- Output Connections                   ; 0                      ; 0                              ;
;     -- Registered Output Connections        ; 0                      ; 0                              ;
;                                             ;                        ;                                ;
; Internal Connections                        ;                        ;                                ;
;     -- Total Connections                    ; 80685                  ; 5                              ;
;     -- Registered Connections               ; 30485                  ; 0                              ;
;                                             ;                        ;                                ;
; External Connections                        ;                        ;                                ;
;     -- Top                                  ; 0                      ; 0                              ;
;     -- hard_block:auto_generated_inst       ; 0                      ; 0                              ;
;                                             ;                        ;                                ;
; Partition Interface                         ;                        ;                                ;
;     -- Input Ports                          ; 2                      ; 0                              ;
;     -- Output Ports                         ; 6                      ; 0                              ;
;     -- Bidir Ports                          ; 0                      ; 0                              ;
;                                             ;                        ;                                ;
; Registered Ports                            ;                        ;                                ;
;     -- Registered Input Ports               ; 0                      ; 0                              ;
;     -- Registered Output Ports              ; 0                      ; 0                              ;
;                                             ;                        ;                                ;
; Port Connectivity                           ;                        ;                                ;
;     -- Input Ports driven by GND            ; 0                      ; 0                              ;
;     -- Output Ports driven by GND           ; 0                      ; 0                              ;
;     -- Input Ports driven by VCC            ; 0                      ; 0                              ;
;     -- Output Ports driven by VCC           ; 0                      ; 0                              ;
;     -- Input Ports with no Source           ; 0                      ; 0                              ;
;     -- Output Ports with no Source          ; 0                      ; 0                              ;
;     -- Input Ports with no Fanout           ; 0                      ; 0                              ;
;     -- Output Ports with no Fanout          ; 0                      ; 0                              ;
+---------------------------------------------+------------------------+--------------------------------+


+------------------------------------------------------------------------------------------------------------------------------------------------------------------------------------------------------------------------------------------------------------------------------------------+
; Input Pins                                                                                                                                                                                                                                                                               ;
+---------+-------+----------+--------------+--------------+--------------+-----------------------+--------------------+--------+----------------+---------------+-----------------+----------+--------------+--------------+---------------------------+----------------------+-----------+
; Name    ; Pin # ; I/O Bank ; X coordinate ; Y coordinate ; Z coordinate ; Combinational Fan-Out ; Registered Fan-Out ; Global ; Input Register ; Power Up High ; PCI I/O Enabled ; Bus Hold ; Weak Pull Up ; I/O Standard ; Termination Control Block ; Location assigned by ; Slew Rate ;
+---------+-------+----------+--------------+--------------+--------------+-----------------------+--------------------+--------+----------------+---------------+-----------------+----------+--------------+--------------+---------------------------+----------------------+-----------+
; clk_50  ; R8    ; 3        ; 27           ; 0            ; 21           ; 2536                  ; 0                  ; yes    ; no             ; no            ; yes             ; no       ; Off          ; 2.5 V        ; --                        ; User                 ; no        ;
; reset_n ; J15   ; 5        ; 53           ; 14           ; 0            ; 2519                  ; 0                  ; no     ; no             ; no            ; yes             ; no       ; Off          ; 2.5 V        ; --                        ; User                 ; no        ;
+---------+-------+----------+--------------+--------------+--------------+-----------------------+--------------------+--------+----------------+---------------+-----------------+----------+--------------+--------------+---------------------------+----------------------+-----------+


+-------------------------------------------------------------------------------------------------------------------------------------------------------------------------------------------------------------------------------------------------------------------------------------------------------------------------------------------------------------------------------------------------------------------------------------------------------------+
; Output Pins                                                                                                                                                                                                                                                                                                                                                                                                                                                 ;
+------------+-------+----------+--------------+--------------+--------------+-----------------+------------------------+---------------+-----------+-----------------+------------+---------------+----------+--------------+--------------+------------------+-----------------------------------+---------------------------+----------------------------+-----------------------------+----------------------+----------------------+---------------------+
; Name       ; Pin # ; I/O Bank ; X coordinate ; Y coordinate ; Z coordinate ; Output Register ; Output Enable Register ; Power Up High ; Slew Rate ; PCI I/O Enabled ; Open Drain ; TRI Primitive ; Bus Hold ; Weak Pull Up ; I/O Standard ; Current Strength ; Termination                       ; Termination Control Block ; Output Buffer Pre-emphasis ; Voltage Output Differential ; Location assigned by ; Output Enable Source ; Output Enable Group ;
+------------+-------+----------+--------------+--------------+--------------+-----------------+------------------------+---------------+-----------+-----------------+------------+---------------+----------+--------------+--------------+------------------+-----------------------------------+---------------------------+----------------------------+-----------------------------+----------------------+----------------------+---------------------+
; b          ; B5    ; 8        ; 11           ; 34           ; 0            ; no              ; no                     ; no            ; 2         ; no              ; no         ; no            ; no       ; Off          ; 2.5 V        ; Default          ; Series 50 Ohm without Calibration ; --                        ; no                         ; no                          ; User                 ; -                    ; -                   ;
; g          ; B4    ; 8        ; 7            ; 34           ; 0            ; no              ; no                     ; no            ; 2         ; no              ; no         ; no            ; no       ; Off          ; 2.5 V        ; Default          ; Series 50 Ohm without Calibration ; --                        ; no                         ; no                          ; User                 ; -                    ; -                   ;
; r          ; A3    ; 8        ; 7            ; 34           ; 14           ; no              ; no                     ; no            ; 2         ; no              ; no         ; no            ; no       ; Off          ; 2.5 V        ; Default          ; Series 50 Ohm without Calibration ; --                        ; no                         ; no                          ; User                 ; -                    ; -                   ;
; status_led ; A15   ; 7        ; 38           ; 34           ; 14           ; no              ; no                     ; no            ; 2         ; no              ; no         ; no            ; no       ; Off          ; 2.5 V        ; Default          ; Series 50 Ohm without Calibration ; --                        ; no                         ; no                          ; User                 ; -                    ; -                   ;
; vga_hsync  ; C3    ; 8        ; 1            ; 34           ; 0            ; no              ; no                     ; no            ; 2         ; no              ; no         ; no            ; no       ; Off          ; 2.5 V        ; Default          ; Series 50 Ohm without Calibration ; --                        ; no                         ; no                          ; User                 ; -                    ; -                   ;
; vga_vsync  ; D3    ; 8        ; 1            ; 34           ; 7            ; no              ; no                     ; no            ; 2         ; no              ; no         ; no            ; no       ; Off          ; 2.5 V        ; Default          ; Series 50 Ohm without Calibration ; --                        ; no                         ; no                          ; User                 ; -                    ; -                   ;
+------------+-------+----------+--------------+--------------+--------------+-----------------+------------------------+---------------+-----------+-----------------+------------+---------------+----------+--------------+--------------+------------------+-----------------------------------+---------------------------+----------------------------+-----------------------------+----------------------+----------------------+---------------------+


+-------------------------------------------------------------------------------------------------------------------------+
; Dual Purpose and Dedicated Pins                                                                                         ;
+----------+-----------------------------+--------------------------+-------------------------+---------------------------+
; Location ; Pin Name                    ; Reserved As              ; User Signal Name        ; Pin Type                  ;
+----------+-----------------------------+--------------------------+-------------------------+---------------------------+
; C1       ; DIFFIO_L3n, DATA1, ASDO     ; As input tri-stated      ; ~ALTERA_ASDO_DATA1~     ; Dual Purpose Pin          ;
; D2       ; DIFFIO_L4p, FLASH_nCE, nCSO ; As input tri-stated      ; ~ALTERA_FLASH_nCE_nCSO~ ; Dual Purpose Pin          ;
; F4       ; nSTATUS                     ; -                        ; -                       ; Dedicated Programming Pin ;
; H1       ; DCLK                        ; As output driving ground ; ~ALTERA_DCLK~           ; Dual Purpose Pin          ;
; H2       ; DATA0                       ; As input tri-stated      ; ~ALTERA_DATA0~          ; Dual Purpose Pin          ;
; H5       ; nCONFIG                     ; -                        ; -                       ; Dedicated Programming Pin ;
; J3       ; nCE                         ; -                        ; -                       ; Dedicated Programming Pin ;
; J15      ; DIFFIO_R9p, DEV_CLRn        ; Use as regular IO        ; reset_n                 ; Dual Purpose Pin          ;
; H14      ; CONF_DONE                   ; -                        ; -                       ; Dedicated Programming Pin ;
; H13      ; MSEL0                       ; -                        ; -                       ; Dedicated Programming Pin ;
; H12      ; MSEL1                       ; -                        ; -                       ; Dedicated Programming Pin ;
; G12      ; MSEL2                       ; -                        ; -                       ; Dedicated Programming Pin ;
; G12      ; MSEL3                       ; -                        ; -                       ; Dedicated Programming Pin ;
; F16      ; DIFFIO_R4n, nCEO            ; Use as programming pin   ; ~ALTERA_nCEO~           ; Dual Purpose Pin          ;
; A15      ; DIFFIO_T19n, PADD1          ; Use as regular IO        ; status_led              ; Dual Purpose Pin          ;
; B5       ; DIFFIO_T5p, DATA8           ; Use as regular IO        ; b                       ; Dual Purpose Pin          ;
; B4       ; DIFFIO_T3p, DATA11          ; Use as regular IO        ; g                       ; Dual Purpose Pin          ;
+----------+-----------------------------+--------------------------+-------------------------+---------------------------+


+-----------------------------------------------------------+
; I/O Bank Usage                                            ;
+----------+-----------------+---------------+--------------+
; I/O Bank ; Usage           ; VCCIO Voltage ; VREF Voltage ;
+----------+-----------------+---------------+--------------+
; 1        ; 4 / 14 ( 29 % ) ; 2.5V          ; --           ;
; 2        ; 0 / 16 ( 0 % )  ; 2.5V          ; --           ;
; 3        ; 1 / 25 ( 4 % )  ; 2.5V          ; --           ;
; 4        ; 0 / 20 ( 0 % )  ; 2.5V          ; --           ;
; 5        ; 1 / 18 ( 6 % )  ; 2.5V          ; --           ;
; 6        ; 1 / 13 ( 8 % )  ; 2.5V          ; --           ;
; 7        ; 1 / 24 ( 4 % )  ; 2.5V          ; --           ;
; 8        ; 5 / 24 ( 21 % ) ; 2.5V          ; --           ;
+----------+-----------------+---------------+--------------+


+-----------------------------------------------------------------------------------------------------------------------------------------------------------------------------------------+
; All Package Pins                                                                                                                                                                        ;
+----------+------------+----------+-----------------------------------------------------------+--------+--------------+---------+------------+-----------------+----------+--------------+
; Location ; Pad Number ; I/O Bank ; Pin Name/Usage                                            ; Dir.   ; I/O Standard ; Voltage ; I/O Type   ; User Assignment ; Bus Hold ; Weak Pull Up ;
+----------+------------+----------+-----------------------------------------------------------+--------+--------------+---------+------------+-----------------+----------+--------------+
; A1       ;            ; 8        ; VCCIO8                                                    ; power  ;              ; 2.5V    ; --         ;                 ; --       ; --           ;
; A2       ; 238        ; 8        ; RESERVED_INPUT_WITH_WEAK_PULLUP                           ;        ;              ;         ; Column I/O ;                 ; no       ; On           ;
; A3       ; 239        ; 8        ; r                                                         ; output ; 2.5 V        ;         ; Column I/O ; Y               ; no       ; Off          ;
; A4       ; 236        ; 8        ; RESERVED_INPUT_WITH_WEAK_PULLUP                           ;        ;              ;         ; Column I/O ;                 ; no       ; On           ;
; A5       ; 232        ; 8        ; RESERVED_INPUT_WITH_WEAK_PULLUP                           ;        ;              ;         ; Column I/O ;                 ; no       ; On           ;
; A6       ; 225        ; 8        ; RESERVED_INPUT_WITH_WEAK_PULLUP                           ;        ;              ;         ; Column I/O ;                 ; no       ; On           ;
; A7       ; 220        ; 8        ; RESERVED_INPUT_WITH_WEAK_PULLUP                           ;        ;              ;         ; Column I/O ;                 ; no       ; On           ;
; A8       ; 211        ; 8        ; GND+                                                      ;        ;              ;         ; Column I/O ;                 ; --       ; --           ;
; A9       ; 209        ; 7        ; GND+                                                      ;        ;              ;         ; Column I/O ;                 ; --       ; --           ;
; A10      ; 198        ; 7        ; RESERVED_INPUT_WITH_WEAK_PULLUP                           ;        ;              ;         ; Column I/O ;                 ; no       ; On           ;
; A11      ; 188        ; 7        ; RESERVED_INPUT_WITH_WEAK_PULLUP                           ;        ;              ;         ; Column I/O ;                 ; no       ; On           ;
; A12      ; 186        ; 7        ; RESERVED_INPUT_WITH_WEAK_PULLUP                           ;        ;              ;         ; Column I/O ;                 ; no       ; On           ;
; A13      ; 179        ; 7        ; RESERVED_INPUT_WITH_WEAK_PULLUP                           ;        ;              ;         ; Column I/O ;                 ; no       ; On           ;
; A14      ; 181        ; 7        ; RESERVED_INPUT_WITH_WEAK_PULLUP                           ;        ;              ;         ; Column I/O ;                 ; no       ; On           ;
; A15      ; 191        ; 7        ; status_led                                                ; output ; 2.5 V        ;         ; Column I/O ; Y               ; no       ; Off          ;
; A16      ;            ; 7        ; VCCIO7                                                    ; power  ;              ; 2.5V    ; --         ;                 ; --       ; --           ;
; B1       ; 5          ; 1        ; RESERVED_INPUT_WITH_WEAK_PULLUP                           ;        ;              ;         ; Row I/O    ;                 ; no       ; On           ;
; B2       ;            ;          ; GND                                                       ; gnd    ;              ;         ; --         ;                 ; --       ; --           ;
; B3       ; 242        ; 8        ; RESERVED_INPUT_WITH_WEAK_PULLUP                           ;        ;              ;         ; Column I/O ;                 ; no       ; On           ;
; B4       ; 237        ; 8        ; g                                                         ; output ; 2.5 V        ;         ; Column I/O ; Y               ; no       ; Off          ;
; B5       ; 233        ; 8        ; b                                                         ; output ; 2.5 V        ;         ; Column I/O ; Y               ; no       ; Off          ;
; B6       ; 226        ; 8        ; RESERVED_INPUT_WITH_WEAK_PULLUP                           ;        ;              ;         ; Column I/O ;                 ; no       ; On           ;
; B7       ; 221        ; 8        ; RESERVED_INPUT_WITH_WEAK_PULLUP                           ;        ;              ;         ; Column I/O ;                 ; no       ; On           ;
; B8       ; 212        ; 8        ; GND+                                                      ;        ;              ;         ; Column I/O ;                 ; --       ; --           ;
; B9       ; 210        ; 7        ; GND+                                                      ;        ;              ;         ; Column I/O ;                 ; --       ; --           ;
; B10      ; 199        ; 7        ; RESERVED_INPUT_WITH_WEAK_PULLUP                           ;        ;              ;         ; Column I/O ;                 ; no       ; On           ;
; B11      ; 189        ; 7        ; RESERVED_INPUT_WITH_WEAK_PULLUP                           ;        ;              ;         ; Column I/O ;                 ; no       ; On           ;
; B12      ; 187        ; 7        ; RESERVED_INPUT_WITH_WEAK_PULLUP                           ;        ;              ;         ; Column I/O ;                 ; no       ; On           ;
; B13      ; 180        ; 7        ; RESERVED_INPUT_WITH_WEAK_PULLUP                           ;        ;              ;         ; Column I/O ;                 ; no       ; On           ;
; B14      ; 182        ; 7        ; RESERVED_INPUT_WITH_WEAK_PULLUP                           ;        ;              ;         ; Column I/O ;                 ; no       ; On           ;
; B15      ;            ;          ; GND                                                       ; gnd    ;              ;         ; --         ;                 ; --       ; --           ;
; B16      ; 164        ; 6        ; RESERVED_INPUT_WITH_WEAK_PULLUP                           ;        ;              ;         ; Row I/O    ;                 ; no       ; On           ;
; C1       ; 7          ; 1        ; ~ALTERA_ASDO_DATA1~ / RESERVED_INPUT_WITH_WEAK_PULLUP     ; input  ; 2.5 V        ;         ; Row I/O    ; N               ; no       ; On           ;
; C2       ; 6          ; 1        ; RESERVED_INPUT_WITH_WEAK_PULLUP                           ;        ;              ;         ; Row I/O    ;                 ; no       ; On           ;
; C3       ; 245        ; 8        ; vga_hsync                                                 ; output ; 2.5 V        ;         ; Column I/O ; Y               ; no       ; Off          ;
; C4       ;            ; 8        ; VCCIO8                                                    ; power  ;              ; 2.5V    ; --         ;                 ; --       ; --           ;
; C5       ;            ;          ; GND                                                       ; gnd    ;              ;         ; --         ;                 ; --       ; --           ;
; C6       ; 224        ; 8        ; RESERVED_INPUT_WITH_WEAK_PULLUP                           ;        ;              ;         ; Column I/O ;                 ; --       ; --           ;
; C7       ;            ; 8        ; VCCIO8                                                    ; power  ;              ; 2.5V    ; --         ;                 ; --       ; --           ;
; C8       ; 215        ; 8        ; RESERVED_INPUT_WITH_WEAK_PULLUP                           ;        ;              ;         ; Column I/O ;                 ; no       ; On           ;
; C9       ; 200        ; 7        ; RESERVED_INPUT_WITH_WEAK_PULLUP                           ;        ;              ;         ; Column I/O ;                 ; no       ; On           ;
; C10      ;            ; 7        ; VCCIO7                                                    ; power  ;              ; 2.5V    ; --         ;                 ; --       ; --           ;
; C11      ; 190        ; 7        ; RESERVED_INPUT_WITH_WEAK_PULLUP                           ;        ;              ;         ; Column I/O ;                 ; --       ; --           ;
; C12      ;            ;          ; GND                                                       ; gnd    ;              ;         ; --         ;                 ; --       ; --           ;
; C13      ;            ; 7        ; VCCIO7                                                    ; power  ;              ; 2.5V    ; --         ;                 ; --       ; --           ;
; C14      ; 175        ; 7        ; RESERVED_INPUT_WITH_WEAK_PULLUP                           ;        ;              ;         ; Column I/O ;                 ; no       ; On           ;
; C15      ; 174        ; 6        ; RESERVED_INPUT_WITH_WEAK_PULLUP                           ;        ;              ;         ; Row I/O    ;                 ; no       ; On           ;
; C16      ; 173        ; 6        ; RESERVED_INPUT_WITH_WEAK_PULLUP                           ;        ;              ;         ; Row I/O    ;                 ; no       ; On           ;
; D1       ; 10         ; 1        ; RESERVED_INPUT_WITH_WEAK_PULLUP                           ;        ;              ;         ; Row I/O    ;                 ; no       ; On           ;
; D2       ; 9          ; 1        ; ~ALTERA_FLASH_nCE_nCSO~ / RESERVED_INPUT_WITH_WEAK_PULLUP ; input  ; 2.5 V        ;         ; Row I/O    ; N               ; no       ; On           ;
; D3       ; 246        ; 8        ; vga_vsync                                                 ; output ; 2.5 V        ;         ; Column I/O ; Y               ; no       ; Off          ;
; D4       ;            ;          ; VCCD_PLL3                                                 ; power  ;              ; 1.2V    ; --         ;                 ; --       ; --           ;
; D5       ; 241        ; 8        ; RESERVED_INPUT_WITH_WEAK_PULLUP                           ;        ;              ;         ; Column I/O ;                 ; no       ; On           ;
; D6       ; 234        ; 8        ; RESERVED_INPUT_WITH_WEAK_PULLUP                           ;        ;              ;         ; Column I/O ;                 ; no       ; On           ;
; D7       ;            ;          ; GND                                                       ; gnd    ;              ;         ; --         ;                 ; --       ; --           ;
; D8       ; 216        ; 8        ; RESERVED_INPUT_WITH_WEAK_PULLUP                           ;        ;              ;         ; Column I/O ;                 ; no       ; On           ;
; D9       ; 201        ; 7        ; RESERVED_INPUT_WITH_WEAK_PULLUP                           ;        ;              ;         ; Column I/O ;                 ; no       ; On           ;
; D10      ;            ;          ; GND                                                       ; gnd    ;              ;         ; --         ;                 ; --       ; --           ;
; D11      ; 177        ; 7        ; RESERVED_INPUT_WITH_WEAK_PULLUP                           ;        ;              ;         ; Column I/O ;                 ; no       ; On           ;
; D12      ; 178        ; 7        ; RESERVED_INPUT_WITH_WEAK_PULLUP                           ;        ;              ;         ; Column I/O ;                 ; no       ; On           ;
; D13      ;            ;          ; VCCD_PLL2                                                 ; power  ;              ; 1.2V    ; --         ;                 ; --       ; --           ;
; D14      ; 176        ; 7        ; RESERVED_INPUT_WITH_WEAK_PULLUP                           ;        ;              ;         ; Column I/O ;                 ; no       ; On           ;
; D15      ; 170        ; 6        ; RESERVED_INPUT_WITH_WEAK_PULLUP                           ;        ;              ;         ; Row I/O    ;                 ; no       ; On           ;
; D16      ; 169        ; 6        ; RESERVED_INPUT_WITH_WEAK_PULLUP                           ;        ;              ;         ; Row I/O    ;                 ; no       ; On           ;
; E1       ; 26         ; 1        ; GND+                                                      ;        ;              ;         ; Row I/O    ;                 ; --       ; --           ;
; E2       ;            ;          ; GND                                                       ; gnd    ;              ;         ; --         ;                 ; --       ; --           ;
; E3       ;            ; 1        ; VCCIO1                                                    ; power  ;              ; 2.5V    ; --         ;                 ; --       ; --           ;
; E4       ;            ;          ; GND                                                       ; gnd    ;              ;         ; --         ;                 ; --       ; --           ;
; E5       ;            ;          ; GNDA3                                                     ; gnd    ;              ;         ; --         ;                 ; --       ; --           ;
; E6       ; 231        ; 8        ; RESERVED_INPUT_WITH_WEAK_PULLUP                           ;        ;              ;         ; Column I/O ;                 ; no       ; On           ;
; E7       ; 227        ; 8        ; RESERVED_INPUT_WITH_WEAK_PULLUP                           ;        ;              ;         ; Column I/O ;                 ; no       ; On           ;
; E8       ; 218        ; 8        ; RESERVED_INPUT_WITH_WEAK_PULLUP                           ;        ;              ;         ; Column I/O ;                 ; no       ; On           ;
; E9       ; 205        ; 7        ; RESERVED_INPUT_WITH_WEAK_PULLUP                           ;        ;              ;         ; Column I/O ;                 ; no       ; On           ;
; E10      ; 184        ; 7        ; RESERVED_INPUT_WITH_WEAK_PULLUP                           ;        ;              ;         ; Column I/O ;                 ; no       ; On           ;
; E11      ; 183        ; 7        ; RESERVED_INPUT_WITH_WEAK_PULLUP                           ;        ;              ;         ; Column I/O ;                 ; no       ; On           ;
; E12      ;            ;          ; GNDA2                                                     ; gnd    ;              ;         ; --         ;                 ; --       ; --           ;
; E13      ;            ;          ; GND                                                       ; gnd    ;              ;         ; --         ;                 ; --       ; --           ;
; E14      ;            ; 6        ; VCCIO6                                                    ; power  ;              ; 2.5V    ; --         ;                 ; --       ; --           ;
; E15      ; 151        ; 6        ; GND+                                                      ;        ;              ;         ; Row I/O    ;                 ; --       ; --           ;
; E16      ; 150        ; 6        ; GND+                                                      ;        ;              ;         ; Row I/O    ;                 ; --       ; --           ;
; F1       ; 14         ; 1        ; RESERVED_INPUT_WITH_WEAK_PULLUP                           ;        ;              ;         ; Row I/O    ;                 ; no       ; On           ;
; F2       ; 13         ; 1        ; RESERVED_INPUT_WITH_WEAK_PULLUP                           ;        ;              ;         ; Row I/O    ;                 ; no       ; On           ;
; F3       ; 8          ; 1        ; RESERVED_INPUT_WITH_WEAK_PULLUP                           ;        ;              ;         ; Row I/O    ;                 ; --       ; --           ;
; F4       ; 11         ; 1        ; ^nSTATUS                                                  ;        ;              ;         ; --         ;                 ; --       ; --           ;
; F5       ;            ; --       ; VCCA3                                                     ; power  ;              ; 2.5V    ; --         ;                 ; --       ; --           ;
; F6       ;            ;          ; GND                                                       ; gnd    ;              ;         ; --         ;                 ; --       ; --           ;
; F7       ;            ;          ; VCCINT                                                    ; power  ;              ; 1.2V    ; --         ;                 ; --       ; --           ;
; F8       ; 219        ; 8        ; RESERVED_INPUT_WITH_WEAK_PULLUP                           ;        ;              ;         ; Column I/O ;                 ; no       ; On           ;
; F9       ; 197        ; 7        ; RESERVED_INPUT_WITH_WEAK_PULLUP                           ;        ;              ;         ; Column I/O ;                 ; no       ; On           ;
; F10      ;            ;          ; GND                                                       ; gnd    ;              ;         ; --         ;                 ; --       ; --           ;
; F11      ;            ;          ; VCCINT                                                    ; power  ;              ; 1.2V    ; --         ;                 ; --       ; --           ;
; F12      ;            ; --       ; VCCA2                                                     ; power  ;              ; 2.5V    ; --         ;                 ; --       ; --           ;
; F13      ; 161        ; 6        ; RESERVED_INPUT_WITH_WEAK_PULLUP                           ;        ;              ;         ; Row I/O    ;                 ; no       ; On           ;
; F14      ; 167        ; 6        ; RESERVED_INPUT_WITH_WEAK_PULLUP                           ;        ;              ;         ; Row I/O    ;                 ; --       ; --           ;
; F15      ; 163        ; 6        ; RESERVED_INPUT_WITH_WEAK_PULLUP                           ;        ;              ;         ; Row I/O    ;                 ; no       ; On           ;
; F16      ; 162        ; 6        ; ~ALTERA_nCEO~ / RESERVED_OUTPUT_OPEN_DRAIN                ; output ; 2.5 V        ;         ; Row I/O    ; N               ; no       ; Off          ;
; G1       ; 16         ; 1        ; RESERVED_INPUT_WITH_WEAK_PULLUP                           ;        ;              ;         ; Row I/O    ;                 ; no       ; On           ;
; G2       ; 15         ; 1        ; RESERVED_INPUT_WITH_WEAK_PULLUP                           ;        ;              ;         ; Row I/O    ;                 ; no       ; On           ;
; G3       ;            ; 1        ; VCCIO1                                                    ; power  ;              ; 2.5V    ; --         ;                 ; --       ; --           ;
; G4       ;            ;          ; GND                                                       ; gnd    ;              ;         ; --         ;                 ; --       ; --           ;
; G5       ; 12         ; 1        ; RESERVED_INPUT_WITH_WEAK_PULLUP                           ;        ;              ;         ; Row I/O    ;                 ; no       ; On           ;
; G6       ;            ;          ; VCCINT                                                    ; power  ;              ; 1.2V    ; --         ;                 ; --       ; --           ;
; G7       ;            ;          ; VCCINT                                                    ; power  ;              ; 1.2V    ; --         ;                 ; --       ; --           ;
; G8       ;            ;          ; VCCINT                                                    ; power  ;              ; 1.2V    ; --         ;                 ; --       ; --           ;
; G9       ;            ;          ; VCCINT                                                    ; power  ;              ; 1.2V    ; --         ;                 ; --       ; --           ;
; G10      ;            ;          ; VCCINT                                                    ; power  ;              ; 1.2V    ; --         ;                 ; --       ; --           ;
; G11      ;            ;          ; GND                                                       ; gnd    ;              ;         ; --         ;                 ; --       ; --           ;
; G12      ; 155        ; 6        ; ^MSEL2                                                    ;        ;              ;         ; --         ;                 ; --       ; --           ;
; G12      ; 156        ; 6        ; ^MSEL3                                                    ;        ;              ;         ; --         ;                 ; --       ; --           ;
; G13      ;            ;          ; GND                                                       ; gnd    ;              ;         ; --         ;                 ; --       ; --           ;
; G14      ;            ; 6        ; VCCIO6                                                    ; power  ;              ; 2.5V    ; --         ;                 ; --       ; --           ;
; G15      ; 160        ; 6        ; RESERVED_INPUT_WITH_WEAK_PULLUP                           ;        ;              ;         ; Row I/O    ;                 ; no       ; On           ;
; G16      ; 159        ; 6        ; RESERVED_INPUT_WITH_WEAK_PULLUP                           ;        ;              ;         ; Row I/O    ;                 ; no       ; On           ;
; H1       ; 17         ; 1        ; ~ALTERA_DCLK~                                             ; output ; 2.5 V        ;         ; Row I/O    ; N               ; no       ; On           ;
; H2       ; 18         ; 1        ; ~ALTERA_DATA0~ / RESERVED_INPUT_WITH_WEAK_PULLUP          ; input  ; 2.5 V        ;         ; Row I/O    ; N               ; no       ; On           ;
; H3       ; 21         ; 1        ; #TCK                                                      ; input  ;              ;         ; --         ;                 ; --       ; --           ;
; H4       ; 20         ; 1        ; #TDI                                                      ; input  ;              ;         ; --         ;                 ; --       ; --           ;
; H5       ; 19         ; 1        ; ^nCONFIG                                                  ;        ;              ;         ; --         ;                 ; --       ; --           ;
; H6       ;            ;          ; VCCINT                                                    ; power  ;              ; 1.2V    ; --         ;                 ; --       ; --           ;
; H7       ;            ;          ; GND                                                       ; gnd    ;              ;         ; --         ;                 ; --       ; --           ;
; H8       ;            ;          ; GND                                                       ; gnd    ;              ;         ; --         ;                 ; --       ; --           ;
; H9       ;            ;          ; GND                                                       ; gnd    ;              ;         ; --         ;                 ; --       ; --           ;
; H10      ;            ;          ; GND                                                       ; gnd    ;              ;         ; --         ;                 ; --       ; --           ;
; H11      ;            ;          ; VCCINT                                                    ; power  ;              ; 1.2V    ; --         ;                 ; --       ; --           ;
; H12      ; 154        ; 6        ; ^MSEL1                                                    ;        ;              ;         ; --         ;                 ; --       ; --           ;
; H13      ; 153        ; 6        ; ^MSEL0                                                    ;        ;              ;         ; --         ;                 ; --       ; --           ;
; H14      ; 152        ; 6        ; ^CONF_DONE                                                ;        ;              ;         ; --         ;                 ; --       ; --           ;
; H15      ;            ;          ; GND                                                       ; gnd    ;              ;         ; --         ;                 ; --       ; --           ;
; H16      ;            ;          ; GND                                                       ; gnd    ;              ;         ; --         ;                 ; --       ; --           ;
; J1       ; 30         ; 2        ; RESERVED_INPUT_WITH_WEAK_PULLUP                           ;        ;              ;         ; Row I/O    ;                 ; no       ; On           ;
; J2       ; 29         ; 2        ; RESERVED_INPUT_WITH_WEAK_PULLUP                           ;        ;              ;         ; Row I/O    ;                 ; no       ; On           ;
; J3       ; 24         ; 1        ; ^nCE                                                      ;        ;              ;         ; --         ;                 ; --       ; --           ;
; J4       ; 23         ; 1        ; #TDO                                                      ; output ;              ;         ; --         ;                 ; --       ; --           ;
; J5       ; 22         ; 1        ; #TMS                                                      ; input  ;              ;         ; --         ;                 ; --       ; --           ;
; J6       ;            ;          ; VCCINT                                                    ; power  ;              ; 1.2V    ; --         ;                 ; --       ; --           ;
; J7       ;            ;          ; GND                                                       ; gnd    ;              ;         ; --         ;                 ; --       ; --           ;
; J8       ;            ;          ; GND                                                       ; gnd    ;              ;         ; --         ;                 ; --       ; --           ;
; J9       ;            ;          ; GND                                                       ; gnd    ;              ;         ; --         ;                 ; --       ; --           ;
; J10      ;            ;          ; GND                                                       ; gnd    ;              ;         ; --         ;                 ; --       ; --           ;
; J11      ;            ;          ; GND                                                       ; gnd    ;              ;         ; --         ;                 ; --       ; --           ;
; J12      ;            ;          ; VCCINT                                                    ; power  ;              ; 1.2V    ; --         ;                 ; --       ; --           ;
; J13      ; 146        ; 5        ; RESERVED_INPUT_WITH_WEAK_PULLUP                           ;        ;              ;         ; Row I/O    ;                 ; no       ; On           ;
; J14      ; 144        ; 5        ; RESERVED_INPUT_WITH_WEAK_PULLUP                           ;        ;              ;         ; Row I/O    ;                 ; no       ; On           ;
; J15      ; 143        ; 5        ; reset_n                                                   ; input  ; 2.5 V        ;         ; Row I/O    ; Y               ; no       ; Off          ;
; J16      ; 142        ; 5        ; RESERVED_INPUT_WITH_WEAK_PULLUP                           ;        ;              ;         ; Row I/O    ;                 ; no       ; On           ;
; K1       ; 37         ; 2        ; RESERVED_INPUT_WITH_WEAK_PULLUP                           ;        ;              ;         ; Row I/O    ;                 ; no       ; On           ;
; K2       ; 36         ; 2        ; RESERVED_INPUT_WITH_WEAK_PULLUP                           ;        ;              ;         ; Row I/O    ;                 ; no       ; On           ;
; K3       ;            ; 2        ; VCCIO2                                                    ; power  ;              ; 2.5V    ; --         ;                 ; --       ; --           ;
; K4       ;            ;          ; GND                                                       ; gnd    ;              ;         ; --         ;                 ; --       ; --           ;
; K5       ; 45         ; 2        ; RESERVED_INPUT_WITH_WEAK_PULLUP                           ;        ;              ;         ; Row I/O    ;                 ; no       ; On           ;
; K6       ;            ;          ; GND                                                       ; gnd    ;              ;         ; --         ;                 ; --       ; --           ;
; K7       ;            ;          ; VCCINT                                                    ; power  ;              ; 1.2V    ; --         ;                 ; --       ; --           ;
; K8       ;            ;          ; GND                                                       ; gnd    ;              ;         ; --         ;                 ; --       ; --           ;
; K9       ;            ;          ; VCCINT                                                    ; power  ;              ; 1.2V    ; --         ;                 ; --       ; --           ;
; K10      ;            ;          ; VCCINT                                                    ; power  ;              ; 1.2V    ; --         ;                 ; --       ; --           ;
; K11      ;            ;          ; VCCINT                                                    ; power  ;              ; 1.2V    ; --         ;                 ; --       ; --           ;
; K12      ;            ;          ; GND                                                       ; gnd    ;              ;         ; --         ;                 ; --       ; --           ;
; K13      ;            ;          ; GND                                                       ; gnd    ;              ;         ; --         ;                 ; --       ; --           ;
; K14      ;            ; 5        ; VCCIO5                                                    ; power  ;              ; 2.5V    ; --         ;                 ; --       ; --           ;
; K15      ; 141        ; 5        ; RESERVED_INPUT_WITH_WEAK_PULLUP                           ;        ;              ;         ; Row I/O    ;                 ; no       ; On           ;
; K16      ; 140        ; 5        ; RESERVED_INPUT_WITH_WEAK_PULLUP                           ;        ;              ;         ; Row I/O    ;                 ; no       ; On           ;
; L1       ; 39         ; 2        ; RESERVED_INPUT_WITH_WEAK_PULLUP                           ;        ;              ;         ; Row I/O    ;                 ; no       ; On           ;
; L2       ; 38         ; 2        ; RESERVED_INPUT_WITH_WEAK_PULLUP                           ;        ;              ;         ; Row I/O    ;                 ; no       ; On           ;
; L3       ; 40         ; 2        ; RESERVED_INPUT_WITH_WEAK_PULLUP                           ;        ;              ;         ; Row I/O    ;                 ; --       ; --           ;
; L4       ; 46         ; 2        ; RESERVED_INPUT_WITH_WEAK_PULLUP                           ;        ;              ;         ; Row I/O    ;                 ; no       ; On           ;
; L5       ;            ; --       ; VCCA1                                                     ; power  ;              ; 2.5V    ; --         ;                 ; --       ; --           ;
; L6       ;            ;          ; VCCINT                                                    ; power  ;              ; 1.2V    ; --         ;                 ; --       ; --           ;
; L7       ; 75         ; 3        ; RESERVED_INPUT_WITH_WEAK_PULLUP                           ;        ;              ;         ; Column I/O ;                 ; no       ; On           ;
; L8       ; 79         ; 3        ; RESERVED_INPUT_WITH_WEAK_PULLUP                           ;        ;              ;         ; Column I/O ;                 ; no       ; On           ;
; L9       ;            ;          ; GND                                                       ; gnd    ;              ;         ; --         ;                 ; --       ; --           ;
; L10      ;            ;          ; GND                                                       ; gnd    ;              ;         ; --         ;                 ; --       ; --           ;
; L11      ;            ;          ; GND                                                       ; gnd    ;              ;         ; --         ;                 ; --       ; --           ;
; L12      ;            ; --       ; VCCA4                                                     ; power  ;              ; 2.5V    ; --         ;                 ; --       ; --           ;
; L13      ; 136        ; 5        ; RESERVED_INPUT_WITH_WEAK_PULLUP                           ;        ;              ;         ; Row I/O    ;                 ; no       ; On           ;
; L14      ; 134        ; 5        ; RESERVED_INPUT_WITH_WEAK_PULLUP                           ;        ;              ;         ; Row I/O    ;                 ; --       ; --           ;
; L15      ; 138        ; 5        ; RESERVED_INPUT_WITH_WEAK_PULLUP                           ;        ;              ;         ; Row I/O    ;                 ; no       ; On           ;
; L16      ; 137        ; 5        ; RESERVED_INPUT_WITH_WEAK_PULLUP                           ;        ;              ;         ; Row I/O    ;                 ; no       ; On           ;
; M1       ; 28         ; 2        ; GND+                                                      ;        ;              ;         ; Row I/O    ;                 ; --       ; --           ;
; M2       ; 27         ; 2        ; GND+                                                      ;        ;              ;         ; Row I/O    ;                 ; --       ; --           ;
; M3       ;            ; 2        ; VCCIO2                                                    ; power  ;              ; 2.5V    ; --         ;                 ; --       ; --           ;
; M4       ;            ;          ; GND                                                       ; gnd    ;              ;         ; --         ;                 ; --       ; --           ;
; M5       ;            ;          ; GNDA1                                                     ; gnd    ;              ;         ; --         ;                 ; --       ; --           ;
; M6       ; 64         ; 3        ; RESERVED_INPUT_WITH_WEAK_PULLUP                           ;        ;              ;         ; Column I/O ;                 ; no       ; On           ;
; M7       ; 68         ; 3        ; RESERVED_INPUT_WITH_WEAK_PULLUP                           ;        ;              ;         ; Column I/O ;                 ; no       ; On           ;
; M8       ; 81         ; 3        ; RESERVED_INPUT_WITH_WEAK_PULLUP                           ;        ;              ;         ; Column I/O ;                 ; no       ; On           ;
; M9       ;            ;          ; VCCINT                                                    ; power  ;              ; 1.2V    ; --         ;                 ; --       ; --           ;
; M10      ; 111        ; 4        ; RESERVED_INPUT_WITH_WEAK_PULLUP                           ;        ;              ;         ; Column I/O ;                 ; no       ; On           ;
; M11      ;            ;          ; VCCINT                                                    ; power  ;              ; 1.2V    ; --         ;                 ; --       ; --           ;
; M12      ;            ;          ; GNDA4                                                     ; gnd    ;              ;         ; --         ;                 ; --       ; --           ;
; M13      ;            ;          ; GND                                                       ; gnd    ;              ;         ; --         ;                 ; --       ; --           ;
; M14      ;            ; 5        ; VCCIO5                                                    ; power  ;              ; 2.5V    ; --         ;                 ; --       ; --           ;
; M15      ; 149        ; 5        ; GND+                                                      ;        ;              ;         ; Row I/O    ;                 ; --       ; --           ;
; M16      ; 148        ; 5        ; GND+                                                      ;        ;              ;         ; Row I/O    ;                 ; --       ; --           ;
; N1       ; 44         ; 2        ; RESERVED_INPUT_WITH_WEAK_PULLUP                           ;        ;              ;         ; Row I/O    ;                 ; no       ; On           ;
; N2       ; 43         ; 2        ; RESERVED_INPUT_WITH_WEAK_PULLUP                           ;        ;              ;         ; Row I/O    ;                 ; no       ; On           ;
; N3       ; 52         ; 3        ; RESERVED_INPUT_WITH_WEAK_PULLUP                           ;        ;              ;         ; Column I/O ;                 ; no       ; On           ;
; N4       ;            ;          ; VCCD_PLL1                                                 ; power  ;              ; 1.2V    ; --         ;                 ; --       ; --           ;
; N5       ; 62         ; 3        ; RESERVED_INPUT_WITH_WEAK_PULLUP                           ;        ;              ;         ; Column I/O ;                 ; no       ; On           ;
; N6       ; 63         ; 3        ; RESERVED_INPUT_WITH_WEAK_PULLUP                           ;        ;              ;         ; Column I/O ;                 ; no       ; On           ;
; N7       ;            ;          ; GND                                                       ; gnd    ;              ;         ; --         ;                 ; --       ; --           ;
; N8       ; 82         ; 3        ; RESERVED_INPUT_WITH_WEAK_PULLUP                           ;        ;              ;         ; Column I/O ;                 ; no       ; On           ;
; N9       ; 93         ; 4        ; RESERVED_INPUT_WITH_WEAK_PULLUP                           ;        ;              ;         ; Column I/O ;                 ; no       ; On           ;
; N10      ;            ;          ; GND                                                       ; gnd    ;              ;         ; --         ;                 ; --       ; --           ;
; N11      ; 112        ; 4        ; RESERVED_INPUT_WITH_WEAK_PULLUP                           ;        ;              ;         ; Column I/O ;                 ; no       ; On           ;
; N12      ; 117        ; 4        ; RESERVED_INPUT_WITH_WEAK_PULLUP                           ;        ;              ;         ; Column I/O ;                 ; no       ; On           ;
; N13      ;            ;          ; VCCD_PLL4                                                 ; power  ;              ; 1.2V    ; --         ;                 ; --       ; --           ;
; N14      ; 126        ; 5        ; RESERVED_INPUT_WITH_WEAK_PULLUP                           ;        ;              ;         ; Row I/O    ;                 ; no       ; On           ;
; N15      ; 133        ; 5        ; RESERVED_INPUT_WITH_WEAK_PULLUP                           ;        ;              ;         ; Row I/O    ;                 ; no       ; On           ;
; N16      ; 132        ; 5        ; RESERVED_INPUT_WITH_WEAK_PULLUP                           ;        ;              ;         ; Row I/O    ;                 ; no       ; On           ;
; P1       ; 51         ; 2        ; RESERVED_INPUT_WITH_WEAK_PULLUP                           ;        ;              ;         ; Row I/O    ;                 ; no       ; On           ;
; P2       ; 50         ; 2        ; RESERVED_INPUT_WITH_WEAK_PULLUP                           ;        ;              ;         ; Row I/O    ;                 ; no       ; On           ;
; P3       ; 53         ; 3        ; RESERVED_INPUT_WITH_WEAK_PULLUP                           ;        ;              ;         ; Column I/O ;                 ; no       ; On           ;
; P4       ;            ; 3        ; VCCIO3                                                    ; power  ;              ; 2.5V    ; --         ;                 ; --       ; --           ;
; P5       ;            ;          ; GND                                                       ; gnd    ;              ;         ; --         ;                 ; --       ; --           ;
; P6       ; 67         ; 3        ; RESERVED_INPUT_WITH_WEAK_PULLUP                           ;        ;              ;         ; Column I/O ;                 ; --       ; --           ;
; P7       ;            ; 3        ; VCCIO3                                                    ; power  ;              ; 2.5V    ; --         ;                 ; --       ; --           ;
; P8       ; 85         ; 3        ; RESERVED_INPUT_WITH_WEAK_PULLUP                           ;        ;              ;         ; Column I/O ;                 ; no       ; On           ;
; P9       ; 105        ; 4        ; RESERVED_INPUT_WITH_WEAK_PULLUP                           ;        ;              ;         ; Column I/O ;                 ; no       ; On           ;
; P10      ;            ; 4        ; VCCIO4                                                    ; power  ;              ; 2.5V    ; --         ;                 ; --       ; --           ;
; P11      ; 106        ; 4        ; RESERVED_INPUT_WITH_WEAK_PULLUP                           ;        ;              ;         ; Column I/O ;                 ; --       ; --           ;
; P12      ;            ;          ; GND                                                       ; gnd    ;              ;         ; --         ;                 ; --       ; --           ;
; P13      ;            ; 4        ; VCCIO4                                                    ; power  ;              ; 2.5V    ; --         ;                 ; --       ; --           ;
; P14      ; 119        ; 4        ; RESERVED_INPUT_WITH_WEAK_PULLUP                           ;        ;              ;         ; Column I/O ;                 ; no       ; On           ;
; P15      ; 127        ; 5        ; RESERVED_INPUT_WITH_WEAK_PULLUP                           ;        ;              ;         ; Row I/O    ;                 ; no       ; On           ;
; P16      ; 128        ; 5        ; RESERVED_INPUT_WITH_WEAK_PULLUP                           ;        ;              ;         ; Row I/O    ;                 ; no       ; On           ;
; R1       ; 49         ; 2        ; RESERVED_INPUT_WITH_WEAK_PULLUP                           ;        ;              ;         ; Row I/O    ;                 ; no       ; On           ;
; R2       ;            ;          ; GND                                                       ; gnd    ;              ;         ; --         ;                 ; --       ; --           ;
; R3       ; 54         ; 3        ; RESERVED_INPUT_WITH_WEAK_PULLUP                           ;        ;              ;         ; Column I/O ;                 ; no       ; On           ;
; R4       ; 60         ; 3        ; RESERVED_INPUT_WITH_WEAK_PULLUP                           ;        ;              ;         ; Column I/O ;                 ; no       ; On           ;
; R5       ; 71         ; 3        ; RESERVED_INPUT_WITH_WEAK_PULLUP                           ;        ;              ;         ; Column I/O ;                 ; no       ; On           ;
; R6       ; 73         ; 3        ; RESERVED_INPUT_WITH_WEAK_PULLUP                           ;        ;              ;         ; Column I/O ;                 ; no       ; On           ;
; R7       ; 76         ; 3        ; RESERVED_INPUT_WITH_WEAK_PULLUP                           ;        ;              ;         ; Column I/O ;                 ; no       ; On           ;
; R8       ; 86         ; 3        ; clk_50                                                    ; input  ; 2.5 V        ;         ; Column I/O ; Y               ; no       ; Off          ;
; R9       ; 88         ; 4        ; GND+                                                      ;        ;              ;         ; Column I/O ;                 ; --       ; --           ;
; R10      ; 96         ; 4        ; RESERVED_INPUT_WITH_WEAK_PULLUP                           ;        ;              ;         ; Column I/O ;                 ; no       ; On           ;
; R11      ; 98         ; 4        ; RESERVED_INPUT_WITH_WEAK_PULLUP                           ;        ;              ;         ; Column I/O ;                 ; no       ; On           ;
; R12      ; 100        ; 4        ; RESERVED_INPUT_WITH_WEAK_PULLUP                           ;        ;              ;         ; Column I/O ;                 ; no       ; On           ;
; R13      ; 107        ; 4        ; RESERVED_INPUT_WITH_WEAK_PULLUP                           ;        ;              ;         ; Column I/O ;                 ; no       ; On           ;
; R14      ; 120        ; 4        ; RESERVED_INPUT_WITH_WEAK_PULLUP                           ;        ;              ;         ; Column I/O ;                 ; no       ; On           ;
; R15      ;            ;          ; GND                                                       ; gnd    ;              ;         ; --         ;                 ; --       ; --           ;
; R16      ; 129        ; 5        ; RESERVED_INPUT_WITH_WEAK_PULLUP                           ;        ;              ;         ; Row I/O    ;                 ; no       ; On           ;
; T1       ;            ; 3        ; VCCIO3                                                    ; power  ;              ; 2.5V    ; --         ;                 ; --       ; --           ;
; T2       ; 59         ; 3        ; RESERVED_INPUT_WITH_WEAK_PULLUP                           ;        ;              ;         ; Column I/O ;                 ; no       ; On           ;
; T3       ; 55         ; 3        ; RESERVED_INPUT_WITH_WEAK_PULLUP                           ;        ;              ;         ; Column I/O ;                 ; no       ; On           ;
; T4       ; 61         ; 3        ; RESERVED_INPUT_WITH_WEAK_PULLUP                           ;        ;              ;         ; Column I/O ;                 ; no       ; On           ;
; T5       ; 72         ; 3        ; RESERVED_INPUT_WITH_WEAK_PULLUP                           ;        ;              ;         ; Column I/O ;                 ; no       ; On           ;
; T6       ; 74         ; 3        ; RESERVED_INPUT_WITH_WEAK_PULLUP                           ;        ;              ;         ; Column I/O ;                 ; no       ; On           ;
; T7       ; 77         ; 3        ; RESERVED_INPUT_WITH_WEAK_PULLUP                           ;        ;              ;         ; Column I/O ;                 ; no       ; On           ;
; T8       ; 87         ; 3        ; GND+                                                      ;        ;              ;         ; Column I/O ;                 ; --       ; --           ;
; T9       ; 89         ; 4        ; GND+                                                      ;        ;              ;         ; Column I/O ;                 ; --       ; --           ;
; T10      ; 97         ; 4        ; RESERVED_INPUT_WITH_WEAK_PULLUP                           ;        ;              ;         ; Column I/O ;                 ; no       ; On           ;
; T11      ; 99         ; 4        ; RESERVED_INPUT_WITH_WEAK_PULLUP                           ;        ;              ;         ; Column I/O ;                 ; no       ; On           ;
; T12      ; 101        ; 4        ; RESERVED_INPUT_WITH_WEAK_PULLUP                           ;        ;              ;         ; Column I/O ;                 ; no       ; On           ;
; T13      ; 108        ; 4        ; RESERVED_INPUT_WITH_WEAK_PULLUP                           ;        ;              ;         ; Column I/O ;                 ; no       ; On           ;
; T14      ; 115        ; 4        ; RESERVED_INPUT_WITH_WEAK_PULLUP                           ;        ;              ;         ; Column I/O ;                 ; no       ; On           ;
; T15      ; 116        ; 4        ; RESERVED_INPUT_WITH_WEAK_PULLUP                           ;        ;              ;         ; Column I/O ;                 ; no       ; On           ;
; T16      ;            ; 4        ; VCCIO4                                                    ; power  ;              ; 2.5V    ; --         ;                 ; --       ; --           ;
+----------+------------+----------+-----------------------------------------------------------+--------+--------------+---------+------------+-----------------+----------+--------------+
Note: Pin directions (input, output or bidir) are based on device operating in user mode.


+--------------------------------------------+
; I/O Assignment Warnings                    ;
+------------+-------------------------------+
; Pin Name   ; Reason                        ;
+------------+-------------------------------+
; r          ; Incomplete set of assignments ;
; g          ; Incomplete set of assignments ;
; b          ; Incomplete set of assignments ;
; vga_hsync  ; Incomplete set of assignments ;
; vga_vsync  ; Incomplete set of assignments ;
; status_led ; Incomplete set of assignments ;
; clk_50     ; Incomplete set of assignments ;
; reset_n    ; Incomplete set of assignments ;
+------------+-------------------------------+


+----------------------------------------------------------------------------------------------------------------------------------------------------------------------------------------------------------------------------------------------------------------------------------------------------------------------------------------------------------------------------------------------------------------+
; Fitter Resource Utilization by Entity                                                                                                                                                                                                                                                                                                                                                                          ;
+-------------------------------------------+---------------+---------------------------+---------------+-------------+------+--------------+---------+-----------+------+--------------+---------------+-------------------+------------------+----------------------------------------------------------------------------------------------------------------------------+---------------------+--------------+
; Compilation Hierarchy Node                ; Logic Cells   ; Dedicated Logic Registers ; I/O Registers ; Memory Bits ; M9Ks ; DSP Elements ; DSP 9x9 ; DSP 18x18 ; Pins ; Virtual Pins ; LUT-Only LCs  ; Register-Only LCs ; LUT/Register LCs ; Full Hierarchy Name                                                                                                        ; Entity Name         ; Library Name ;
+-------------------------------------------+---------------+---------------------------+---------------+-------------+------+--------------+---------+-----------+------+--------------+---------------+-------------------+------------------+----------------------------------------------------------------------------------------------------------------------------+---------------------+--------------+
; |top                                      ; 18715 (0)     ; 2536 (0)                  ; 0 (0)         ; 0           ; 0    ; 0            ; 0       ; 0         ; 8    ; 0            ; 16179 (0)     ; 134 (0)           ; 2402 (0)         ; |top                                                                                                                       ; top                 ; work         ;
;    |chip8_cpu:cpu|                        ; 1290 (1290)   ; 466 (466)                 ; 0 (0)         ; 0           ; 0    ; 0            ; 0       ; 0         ; 0    ; 0            ; 824 (824)     ; 134 (134)         ; 332 (332)        ; |top|chip8_cpu:cpu                                                                                                         ; chip8_cpu           ; work         ;
;    |chip8_memory:memory|                  ; 19 (19)       ; 0 (0)                     ; 0 (0)         ; 0           ; 0    ; 0            ; 0       ; 0         ; 0    ; 0            ; 14 (14)       ; 0 (0)             ; 5 (5)            ; |top|chip8_memory:memory                                                                                                   ; chip8_memory        ; work         ;
;    |display:framebuffer|                  ; 17176 (17176) ; 2049 (2049)               ; 0 (0)         ; 0           ; 0    ; 0            ; 0       ; 0         ; 0    ; 0            ; 15113 (15113) ; 0 (0)             ; 2063 (2063)      ; |top|display:framebuffer                                                                                                   ; display             ; work         ;
;    |freq_div:pixel_enable|                ; 1 (1)         ; 1 (1)                     ; 0 (0)         ; 0           ; 0    ; 0            ; 0       ; 0         ; 0    ; 0            ; 0 (0)         ; 0 (0)             ; 1 (1)            ; |top|freq_div:pixel_enable                                                                                                 ; freq_div            ; work         ;
;    |vga_renderer:renderer|                ; 209 (18)      ; 0 (0)                     ; 0 (0)         ; 0           ; 0    ; 0            ; 0       ; 0         ; 0    ; 0            ; 209 (18)      ; 0 (0)             ; 0 (0)            ; |top|vga_renderer:renderer                                                                                                 ; vga_renderer        ; work         ;
;       |lpm_divide:Div0|                   ; 82 (0)        ; 0 (0)                     ; 0 (0)         ; 0           ; 0    ; 0            ; 0       ; 0         ; 0    ; 0            ; 82 (0)        ; 0 (0)             ; 0 (0)            ; |top|vga_renderer:renderer|lpm_divide:Div0                                                                                 ; lpm_divide          ; work         ;
;          |lpm_divide_sim:auto_generated|  ; 82 (0)        ; 0 (0)                     ; 0 (0)         ; 0           ; 0    ; 0            ; 0       ; 0         ; 0    ; 0            ; 82 (0)        ; 0 (0)             ; 0 (0)            ; |top|vga_renderer:renderer|lpm_divide:Div0|lpm_divide_sim:auto_generated                                                   ; lpm_divide_sim      ; work         ;
;             |sign_div_unsign_klh:divider| ; 82 (0)        ; 0 (0)                     ; 0 (0)         ; 0           ; 0    ; 0            ; 0       ; 0         ; 0    ; 0            ; 82 (0)        ; 0 (0)             ; 0 (0)            ; |top|vga_renderer:renderer|lpm_divide:Div0|lpm_divide_sim:auto_generated|sign_div_unsign_klh:divider                       ; sign_div_unsign_klh ; work         ;
;                |alt_u_div_s6f:divider|    ; 82 (82)       ; 0 (0)                     ; 0 (0)         ; 0           ; 0    ; 0            ; 0       ; 0         ; 0    ; 0            ; 82 (82)       ; 0 (0)             ; 0 (0)            ; |top|vga_renderer:renderer|lpm_divide:Div0|lpm_divide_sim:auto_generated|sign_div_unsign_klh:divider|alt_u_div_s6f:divider ; alt_u_div_s6f       ; work         ;
;       |lpm_divide:Div1|                   ; 109 (0)       ; 0 (0)                     ; 0 (0)         ; 0           ; 0    ; 0            ; 0       ; 0         ; 0    ; 0            ; 109 (0)       ; 0 (0)             ; 0 (0)            ; |top|vga_renderer:renderer|lpm_divide:Div1                                                                                 ; lpm_divide          ; work         ;
;          |lpm_divide_0jm:auto_generated|  ; 109 (0)       ; 0 (0)                     ; 0 (0)         ; 0           ; 0    ; 0            ; 0       ; 0         ; 0    ; 0            ; 109 (0)       ; 0 (0)             ; 0 (0)            ; |top|vga_renderer:renderer|lpm_divide:Div1|lpm_divide_0jm:auto_generated                                                   ; lpm_divide_0jm      ; work         ;
;             |sign_div_unsign_olh:divider| ; 109 (0)       ; 0 (0)                     ; 0 (0)         ; 0           ; 0    ; 0            ; 0       ; 0         ; 0    ; 0            ; 109 (0)       ; 0 (0)             ; 0 (0)            ; |top|vga_renderer:renderer|lpm_divide:Div1|lpm_divide_0jm:auto_generated|sign_div_unsign_olh:divider                       ; sign_div_unsign_olh ; work         ;
;                |alt_u_div_47f:divider|    ; 109 (109)     ; 0 (0)                     ; 0 (0)         ; 0           ; 0    ; 0            ; 0       ; 0         ; 0    ; 0            ; 109 (109)     ; 0 (0)             ; 0 (0)            ; |top|vga_renderer:renderer|lpm_divide:Div1|lpm_divide_0jm:auto_generated|sign_div_unsign_olh:divider|alt_u_div_47f:divider ; alt_u_div_47f       ; work         ;
;    |vga_timing:timing|                    ; 39 (39)       ; 20 (20)                   ; 0 (0)         ; 0           ; 0    ; 0            ; 0       ; 0         ; 0    ; 0            ; 19 (19)       ; 0 (0)             ; 20 (20)          ; |top|vga_timing:timing                                                                                                     ; vga_timing          ; work         ;
+-------------------------------------------+---------------+---------------------------+---------------+-------------+------+--------------+---------+-----------+------+--------------+---------------+-------------------+------------------+----------------------------------------------------------------------------------------------------------------------------+---------------------+--------------+
Note: For table entries with two numbers listed, the numbers in parentheses indicate the number of resources of the given type used by the specific entity alone. The numbers listed outside of parentheses indicate the total resources of the given type used by the specific entity and all of its sub-entities in the hierarchy.


+--------------------------------------------------------------------------------------------+
; Delay Chain Summary                                                                        ;
+------------+----------+---------------+---------------+-----------------------+-----+------+
; Name       ; Pin Type ; Pad to Core 0 ; Pad to Core 1 ; Pad to Input Register ; TCO ; TCOE ;
+------------+----------+---------------+---------------+-----------------------+-----+------+
; r          ; Output   ; --            ; --            ; --                    ; --  ; --   ;
; g          ; Output   ; --            ; --            ; --                    ; --  ; --   ;
; b          ; Output   ; --            ; --            ; --                    ; --  ; --   ;
; vga_hsync  ; Output   ; --            ; --            ; --                    ; --  ; --   ;
; vga_vsync  ; Output   ; --            ; --            ; --                    ; --  ; --   ;
; status_led ; Output   ; --            ; --            ; --                    ; --  ; --   ;
; clk_50     ; Input    ; (0) 0 ps      ; --            ; --                    ; --  ; --   ;
; reset_n    ; Input    ; (6) 1314 ps   ; --            ; --                    ; --  ; --   ;
+------------+----------+---------------+---------------+-----------------------+-----+------+


+------------------------------------------------------------------------------+
; Pad To Core Delay Chain Fanout                                               ;
+------------------------------------------------+-------------------+---------+
; Source Pin / Fanout                            ; Pad To Core Index ; Setting ;
+------------------------------------------------+-------------------+---------+
; clk_50                                         ;                   ;         ;
; reset_n                                        ;                   ;         ;
;      - vga_timing:timing|vcount[0]             ; 0                 ; 6       ;
;      - vga_timing:timing|vcount[1]             ; 0                 ; 6       ;
;      - vga_timing:timing|vcount[2]             ; 0                 ; 6       ;
;      - vga_timing:timing|vcount[3]             ; 0                 ; 6       ;
;      - vga_timing:timing|vcount[4]             ; 0                 ; 6       ;
;      - vga_timing:timing|vcount[5]             ; 0                 ; 6       ;
;      - vga_timing:timing|vcount[6]             ; 0                 ; 6       ;
;      - vga_timing:timing|vcount[7]             ; 0                 ; 6       ;
;      - vga_timing:timing|vcount[8]             ; 0                 ; 6       ;
;      - vga_timing:timing|vcount[9]             ; 0                 ; 6       ;
;      - vga_timing:timing|hcount[1]             ; 0                 ; 6       ;
;      - vga_timing:timing|hcount[2]             ; 0                 ; 6       ;
;      - vga_timing:timing|hcount[3]             ; 0                 ; 6       ;
;      - vga_timing:timing|hcount[4]             ; 0                 ; 6       ;
;      - vga_timing:timing|hcount[5]             ; 0                 ; 6       ;
;      - vga_timing:timing|hcount[6]             ; 0                 ; 6       ;
;      - vga_timing:timing|hcount[7]             ; 0                 ; 6       ;
;      - vga_timing:timing|hcount[8]             ; 0                 ; 6       ;
;      - vga_timing:timing|hcount[9]             ; 0                 ; 6       ;
;      - display:framebuffer|framebuffer[31][0]  ; 0                 ; 6       ;
;      - display:framebuffer|framebuffer[30][0]  ; 0                 ; 6       ;
;      - display:framebuffer|framebuffer[29][0]  ; 0                 ; 6       ;
;      - display:framebuffer|framebuffer[28][0]  ; 0                 ; 6       ;
;      - display:framebuffer|framebuffer[27][0]  ; 0                 ; 6       ;
;      - display:framebuffer|framebuffer[26][0]  ; 0                 ; 6       ;
;      - display:framebuffer|framebuffer[25][0]  ; 0                 ; 6       ;
;      - display:framebuffer|framebuffer[24][0]  ; 0                 ; 6       ;
;      - display:framebuffer|framebuffer[23][0]  ; 0                 ; 6       ;
;      - display:framebuffer|framebuffer[22][0]  ; 0                 ; 6       ;
;      - display:framebuffer|framebuffer[21][0]  ; 0                 ; 6       ;
;      - display:framebuffer|framebuffer[20][0]  ; 0                 ; 6       ;
;      - display:framebuffer|framebuffer[19][0]  ; 0                 ; 6       ;
;      - display:framebuffer|framebuffer[18][0]  ; 0                 ; 6       ;
;      - display:framebuffer|framebuffer[17][0]  ; 0                 ; 6       ;
;      - display:framebuffer|framebuffer[16][0]  ; 0                 ; 6       ;
;      - display:framebuffer|framebuffer[15][0]  ; 0                 ; 6       ;
;      - display:framebuffer|framebuffer[14][0]  ; 0                 ; 6       ;
;      - display:framebuffer|framebuffer[13][0]  ; 0                 ; 6       ;
;      - display:framebuffer|framebuffer[12][0]  ; 0                 ; 6       ;
;      - display:framebuffer|framebuffer[11][0]  ; 0                 ; 6       ;
;      - display:framebuffer|framebuffer[10][0]  ; 0                 ; 6       ;
;      - display:framebuffer|framebuffer[9][0]   ; 0                 ; 6       ;
;      - display:framebuffer|framebuffer[8][0]   ; 0                 ; 6       ;
;      - display:framebuffer|framebuffer[7][0]   ; 0                 ; 6       ;
;      - display:framebuffer|framebuffer[6][0]   ; 0                 ; 6       ;
;      - display:framebuffer|framebuffer[5][0]   ; 0                 ; 6       ;
;      - display:framebuffer|framebuffer[4][0]   ; 0                 ; 6       ;
;      - display:framebuffer|framebuffer[3][0]   ; 0                 ; 6       ;
;      - display:framebuffer|framebuffer[2][0]   ; 0                 ; 6       ;
;      - display:framebuffer|framebuffer[1][0]   ; 0                 ; 6       ;
;      - display:framebuffer|framebuffer[0][0]   ; 0                 ; 6       ;
;      - chip8_cpu:cpu|display_clear             ; 0                 ; 6       ;
;      - chip8_cpu:cpu|V[15][4]                  ; 0                 ; 6       ;
;      - chip8_cpu:cpu|V[15][3]                  ; 0                 ; 6       ;
;      - chip8_cpu:cpu|V[15][2]                  ; 0                 ; 6       ;
;      - chip8_cpu:cpu|V[15][1]                  ; 0                 ; 6       ;
;      - chip8_cpu:cpu|V[15][5]                  ; 0                 ; 6       ;
;      - display:framebuffer|framebuffer[9][41]  ; 0                 ; 6       ;
;      - display:framebuffer|framebuffer[10][41] ; 0                 ; 6       ;
;      - display:framebuffer|framebuffer[8][41]  ; 0                 ; 6       ;
;      - display:framebuffer|framebuffer[11][41] ; 0                 ; 6       ;
;      - display:framebuffer|framebuffer[10][37] ; 0                 ; 6       ;
;      - display:framebuffer|framebuffer[9][37]  ; 0                 ; 6       ;
;      - display:framebuffer|framebuffer[8][37]  ; 0                 ; 6       ;
;      - display:framebuffer|framebuffer[11][37] ; 0                 ; 6       ;
;      - display:framebuffer|framebuffer[9][33]  ; 0                 ; 6       ;
;      - display:framebuffer|framebuffer[10][33] ; 0                 ; 6       ;
;      - display:framebuffer|framebuffer[8][33]  ; 0                 ; 6       ;
;      - display:framebuffer|framebuffer[11][33] ; 0                 ; 6       ;
;      - display:framebuffer|framebuffer[10][45] ; 0                 ; 6       ;
;      - display:framebuffer|framebuffer[9][45]  ; 0                 ; 6       ;
;      - display:framebuffer|framebuffer[8][45]  ; 0                 ; 6       ;
;      - display:framebuffer|framebuffer[11][45] ; 0                 ; 6       ;
;      - display:framebuffer|framebuffer[9][42]  ; 0                 ; 6       ;
;      - display:framebuffer|framebuffer[9][38]  ; 0                 ; 6       ;
;      - display:framebuffer|framebuffer[9][34]  ; 0                 ; 6       ;
;      - display:framebuffer|framebuffer[9][46]  ; 0                 ; 6       ;
;      - display:framebuffer|framebuffer[10][38] ; 0                 ; 6       ;
;      - display:framebuffer|framebuffer[10][42] ; 0                 ; 6       ;
;      - display:framebuffer|framebuffer[10][34] ; 0                 ; 6       ;
;      - display:framebuffer|framebuffer[10][46] ; 0                 ; 6       ;
;      - display:framebuffer|framebuffer[8][38]  ; 0                 ; 6       ;
;      - display:framebuffer|framebuffer[8][42]  ; 0                 ; 6       ;
;      - display:framebuffer|framebuffer[8][34]  ; 0                 ; 6       ;
;      - display:framebuffer|framebuffer[8][46]  ; 0                 ; 6       ;
;      - display:framebuffer|framebuffer[11][42] ; 0                 ; 6       ;
;      - display:framebuffer|framebuffer[11][38] ; 0                 ; 6       ;
;      - display:framebuffer|framebuffer[11][34] ; 0                 ; 6       ;
;      - display:framebuffer|framebuffer[11][46] ; 0                 ; 6       ;
;      - display:framebuffer|framebuffer[10][40] ; 0                 ; 6       ;
;      - display:framebuffer|framebuffer[10][36] ; 0                 ; 6       ;
;      - display:framebuffer|framebuffer[10][32] ; 0                 ; 6       ;
;      - display:framebuffer|framebuffer[10][44] ; 0                 ; 6       ;
;      - display:framebuffer|framebuffer[9][36]  ; 0                 ; 6       ;
;      - display:framebuffer|framebuffer[9][40]  ; 0                 ; 6       ;
;      - display:framebuffer|framebuffer[9][32]  ; 0                 ; 6       ;
;      - display:framebuffer|framebuffer[9][44]  ; 0                 ; 6       ;
;      - display:framebuffer|framebuffer[8][40]  ; 0                 ; 6       ;
;      - display:framebuffer|framebuffer[8][36]  ; 0                 ; 6       ;
;      - display:framebuffer|framebuffer[8][32]  ; 0                 ; 6       ;
;      - display:framebuffer|framebuffer[8][44]  ; 0                 ; 6       ;
;      - display:framebuffer|framebuffer[11][36] ; 0                 ; 6       ;
;      - display:framebuffer|framebuffer[11][40] ; 0                 ; 6       ;
;      - display:framebuffer|framebuffer[11][32] ; 0                 ; 6       ;
;      - display:framebuffer|framebuffer[11][44] ; 0                 ; 6       ;
;      - display:framebuffer|framebuffer[9][39]  ; 0                 ; 6       ;
;      - display:framebuffer|framebuffer[10][39] ; 0                 ; 6       ;
;      - display:framebuffer|framebuffer[8][39]  ; 0                 ; 6       ;
;      - display:framebuffer|framebuffer[11][39] ; 0                 ; 6       ;
;      - display:framebuffer|framebuffer[10][43] ; 0                 ; 6       ;
;      - display:framebuffer|framebuffer[9][43]  ; 0                 ; 6       ;
;      - display:framebuffer|framebuffer[8][43]  ; 0                 ; 6       ;
;      - display:framebuffer|framebuffer[11][43] ; 0                 ; 6       ;
;      - display:framebuffer|framebuffer[10][35] ; 0                 ; 6       ;
;      - display:framebuffer|framebuffer[9][35]  ; 0                 ; 6       ;
;      - display:framebuffer|framebuffer[8][35]  ; 0                 ; 6       ;
;      - display:framebuffer|framebuffer[11][35] ; 0                 ; 6       ;
;      - display:framebuffer|framebuffer[9][47]  ; 0                 ; 6       ;
;      - display:framebuffer|framebuffer[10][47] ; 0                 ; 6       ;
;      - display:framebuffer|framebuffer[8][47]  ; 0                 ; 6       ;
;      - display:framebuffer|framebuffer[11][47] ; 0                 ; 6       ;
;      - display:framebuffer|framebuffer[9][25]  ; 0                 ; 6       ;
;      - display:framebuffer|framebuffer[9][21]  ; 0                 ; 6       ;
;      - display:framebuffer|framebuffer[9][17]  ; 0                 ; 6       ;
;      - display:framebuffer|framebuffer[9][29]  ; 0                 ; 6       ;
;      - display:framebuffer|framebuffer[9][22]  ; 0                 ; 6       ;
;      - display:framebuffer|framebuffer[9][26]  ; 0                 ; 6       ;
;      - display:framebuffer|framebuffer[9][18]  ; 0                 ; 6       ;
;      - display:framebuffer|framebuffer[9][30]  ; 0                 ; 6       ;
;      - display:framebuffer|framebuffer[9][20]  ; 0                 ; 6       ;
;      - display:framebuffer|framebuffer[9][24]  ; 0                 ; 6       ;
;      - display:framebuffer|framebuffer[9][16]  ; 0                 ; 6       ;
;      - display:framebuffer|framebuffer[9][28]  ; 0                 ; 6       ;
;      - display:framebuffer|framebuffer[9][27]  ; 0                 ; 6       ;
;      - display:framebuffer|framebuffer[9][23]  ; 0                 ; 6       ;
;      - display:framebuffer|framebuffer[9][19]  ; 0                 ; 6       ;
;      - display:framebuffer|framebuffer[9][31]  ; 0                 ; 6       ;
;      - display:framebuffer|framebuffer[10][22] ; 0                 ; 6       ;
;      - display:framebuffer|framebuffer[10][26] ; 0                 ; 6       ;
;      - display:framebuffer|framebuffer[10][18] ; 0                 ; 6       ;
;      - display:framebuffer|framebuffer[10][30] ; 0                 ; 6       ;
;      - display:framebuffer|framebuffer[10][25] ; 0                 ; 6       ;
;      - display:framebuffer|framebuffer[10][21] ; 0                 ; 6       ;
;      - display:framebuffer|framebuffer[10][17] ; 0                 ; 6       ;
;      - display:framebuffer|framebuffer[10][29] ; 0                 ; 6       ;
;      - display:framebuffer|framebuffer[10][20] ; 0                 ; 6       ;
;      - display:framebuffer|framebuffer[10][24] ; 0                 ; 6       ;
;      - display:framebuffer|framebuffer[10][16] ; 0                 ; 6       ;
;      - display:framebuffer|framebuffer[10][28] ; 0                 ; 6       ;
;      - display:framebuffer|framebuffer[10][27] ; 0                 ; 6       ;
;      - display:framebuffer|framebuffer[10][23] ; 0                 ; 6       ;
;      - display:framebuffer|framebuffer[10][19] ; 0                 ; 6       ;
;      - display:framebuffer|framebuffer[10][31] ; 0                 ; 6       ;
;      - display:framebuffer|framebuffer[8][22]  ; 0                 ; 6       ;
;      - display:framebuffer|framebuffer[8][26]  ; 0                 ; 6       ;
;      - display:framebuffer|framebuffer[8][18]  ; 0                 ; 6       ;
;      - display:framebuffer|framebuffer[8][30]  ; 0                 ; 6       ;
;      - display:framebuffer|framebuffer[8][25]  ; 0                 ; 6       ;
;      - display:framebuffer|framebuffer[8][21]  ; 0                 ; 6       ;
;      - display:framebuffer|framebuffer[8][17]  ; 0                 ; 6       ;
;      - display:framebuffer|framebuffer[8][29]  ; 0                 ; 6       ;
;      - display:framebuffer|framebuffer[8][20]  ; 0                 ; 6       ;
;      - display:framebuffer|framebuffer[8][24]  ; 0                 ; 6       ;
;      - display:framebuffer|framebuffer[8][16]  ; 0                 ; 6       ;
;      - display:framebuffer|framebuffer[8][28]  ; 0                 ; 6       ;
;      - display:framebuffer|framebuffer[8][27]  ; 0                 ; 6       ;
;      - display:framebuffer|framebuffer[8][23]  ; 0                 ; 6       ;
;      - display:framebuffer|framebuffer[8][19]  ; 0                 ; 6       ;
;      - display:framebuffer|framebuffer[8][31]  ; 0                 ; 6       ;
;      - display:framebuffer|framebuffer[11][22] ; 0                 ; 6       ;
;      - display:framebuffer|framebuffer[11][21] ; 0                 ; 6       ;
;      - display:framebuffer|framebuffer[11][20] ; 0                 ; 6       ;
;      - display:framebuffer|framebuffer[11][23] ; 0                 ; 6       ;
;      - display:framebuffer|framebuffer[11][25] ; 0                 ; 6       ;
;      - display:framebuffer|framebuffer[11][26] ; 0                 ; 6       ;
;      - display:framebuffer|framebuffer[11][24] ; 0                 ; 6       ;
;      - display:framebuffer|framebuffer[11][27] ; 0                 ; 6       ;
;      - display:framebuffer|framebuffer[11][17] ; 0                 ; 6       ;
;      - display:framebuffer|framebuffer[11][18] ; 0                 ; 6       ;
;      - display:framebuffer|framebuffer[11][16] ; 0                 ; 6       ;
;      - display:framebuffer|framebuffer[11][19] ; 0                 ; 6       ;
;      - display:framebuffer|framebuffer[11][30] ; 0                 ; 6       ;
;      - display:framebuffer|framebuffer[11][29] ; 0                 ; 6       ;
;      - display:framebuffer|framebuffer[11][28] ; 0                 ; 6       ;
;      - display:framebuffer|framebuffer[11][31] ; 0                 ; 6       ;
;      - display:framebuffer|framebuffer[10][6]  ; 0                 ; 6       ;
;      - display:framebuffer|framebuffer[10][10] ; 0                 ; 6       ;
;      - display:framebuffer|framebuffer[10][2]  ; 0                 ; 6       ;
;      - display:framebuffer|framebuffer[10][14] ; 0                 ; 6       ;
;      - display:framebuffer|framebuffer[9][10]  ; 0                 ; 6       ;
;      - display:framebuffer|framebuffer[9][6]   ; 0                 ; 6       ;
;      - display:framebuffer|framebuffer[9][2]   ; 0                 ; 6       ;
;      - display:framebuffer|framebuffer[9][14]  ; 0                 ; 6       ;
;      - display:framebuffer|framebuffer[8][6]   ; 0                 ; 6       ;
;      - display:framebuffer|framebuffer[8][10]  ; 0                 ; 6       ;
;      - display:framebuffer|framebuffer[8][2]   ; 0                 ; 6       ;
;      - display:framebuffer|framebuffer[8][14]  ; 0                 ; 6       ;
;      - display:framebuffer|framebuffer[11][10] ; 0                 ; 6       ;
;      - display:framebuffer|framebuffer[11][6]  ; 0                 ; 6       ;
;      - display:framebuffer|framebuffer[11][2]  ; 0                 ; 6       ;
;      - display:framebuffer|framebuffer[11][14] ; 0                 ; 6       ;
;      - display:framebuffer|framebuffer[9][9]   ; 0                 ; 6       ;
;      - display:framebuffer|framebuffer[9][5]   ; 0                 ; 6       ;
;      - display:framebuffer|framebuffer[9][1]   ; 0                 ; 6       ;
;      - display:framebuffer|framebuffer[9][13]  ; 0                 ; 6       ;
;      - display:framebuffer|framebuffer[10][5]  ; 0                 ; 6       ;
;      - display:framebuffer|framebuffer[10][9]  ; 0                 ; 6       ;
;      - display:framebuffer|framebuffer[10][1]  ; 0                 ; 6       ;
;      - display:framebuffer|framebuffer[10][13] ; 0                 ; 6       ;
;      - display:framebuffer|framebuffer[8][5]   ; 0                 ; 6       ;
;      - display:framebuffer|framebuffer[8][9]   ; 0                 ; 6       ;
;      - display:framebuffer|framebuffer[8][1]   ; 0                 ; 6       ;
;      - display:framebuffer|framebuffer[8][13]  ; 0                 ; 6       ;
;      - display:framebuffer|framebuffer[11][9]  ; 0                 ; 6       ;
;      - display:framebuffer|framebuffer[11][5]  ; 0                 ; 6       ;
;      - display:framebuffer|framebuffer[11][1]  ; 0                 ; 6       ;
;      - display:framebuffer|framebuffer[11][13] ; 0                 ; 6       ;
;      - display:framebuffer|framebuffer[10][4]  ; 0                 ; 6       ;
;      - display:framebuffer|framebuffer[10][8]  ; 0                 ; 6       ;
;      - display:framebuffer|framebuffer[10][12] ; 0                 ; 6       ;
;      - display:framebuffer|framebuffer[9][8]   ; 0                 ; 6       ;
;      - display:framebuffer|framebuffer[9][4]   ; 0                 ; 6       ;
;      - display:framebuffer|framebuffer[9][12]  ; 0                 ; 6       ;
;      - display:framebuffer|framebuffer[8][4]   ; 0                 ; 6       ;
;      - display:framebuffer|framebuffer[8][8]   ; 0                 ; 6       ;
;      - display:framebuffer|framebuffer[8][12]  ; 0                 ; 6       ;
;      - display:framebuffer|framebuffer[11][8]  ; 0                 ; 6       ;
;      - display:framebuffer|framebuffer[11][4]  ; 0                 ; 6       ;
;      - display:framebuffer|framebuffer[11][12] ; 0                 ; 6       ;
;      - display:framebuffer|framebuffer[9][11]  ; 0                 ; 6       ;
;      - display:framebuffer|framebuffer[9][7]   ; 0                 ; 6       ;
;      - display:framebuffer|framebuffer[9][3]   ; 0                 ; 6       ;
;      - display:framebuffer|framebuffer[9][15]  ; 0                 ; 6       ;
;      - display:framebuffer|framebuffer[10][7]  ; 0                 ; 6       ;
;      - display:framebuffer|framebuffer[10][11] ; 0                 ; 6       ;
;      - display:framebuffer|framebuffer[10][3]  ; 0                 ; 6       ;
;      - display:framebuffer|framebuffer[10][15] ; 0                 ; 6       ;
;      - display:framebuffer|framebuffer[8][7]   ; 0                 ; 6       ;
;      - display:framebuffer|framebuffer[8][11]  ; 0                 ; 6       ;
;      - display:framebuffer|framebuffer[8][3]   ; 0                 ; 6       ;
;      - display:framebuffer|framebuffer[8][15]  ; 0                 ; 6       ;
;      - display:framebuffer|framebuffer[11][11] ; 0                 ; 6       ;
;      - display:framebuffer|framebuffer[11][7]  ; 0                 ; 6       ;
;      - display:framebuffer|framebuffer[11][3]  ; 0                 ; 6       ;
;      - display:framebuffer|framebuffer[11][15] ; 0                 ; 6       ;
;      - display:framebuffer|framebuffer[10][57] ; 0                 ; 6       ;
;      - display:framebuffer|framebuffer[10][58] ; 0                 ; 6       ;
;      - display:framebuffer|framebuffer[10][56] ; 0                 ; 6       ;
;      - display:framebuffer|framebuffer[10][59] ; 0                 ; 6       ;
;      - display:framebuffer|framebuffer[10][54] ; 0                 ; 6       ;
;      - display:framebuffer|framebuffer[10][53] ; 0                 ; 6       ;
;      - display:framebuffer|framebuffer[10][52] ; 0                 ; 6       ;
;      - display:framebuffer|framebuffer[10][55] ; 0                 ; 6       ;
;      - display:framebuffer|framebuffer[10][49] ; 0                 ; 6       ;
;      - display:framebuffer|framebuffer[10][50] ; 0                 ; 6       ;
;      - display:framebuffer|framebuffer[10][48] ; 0                 ; 6       ;
;      - display:framebuffer|framebuffer[10][51] ; 0                 ; 6       ;
;      - display:framebuffer|framebuffer[10][62] ; 0                 ; 6       ;
;      - display:framebuffer|framebuffer[10][61] ; 0                 ; 6       ;
;      - display:framebuffer|framebuffer[10][60] ; 0                 ; 6       ;
;      - display:framebuffer|framebuffer[10][63] ; 0                 ; 6       ;
;      - display:framebuffer|framebuffer[9][54]  ; 0                 ; 6       ;
;      - display:framebuffer|framebuffer[9][53]  ; 0                 ; 6       ;
;      - display:framebuffer|framebuffer[9][52]  ; 0                 ; 6       ;
;      - display:framebuffer|framebuffer[9][55]  ; 0                 ; 6       ;
;      - display:framebuffer|framebuffer[9][57]  ; 0                 ; 6       ;
;      - display:framebuffer|framebuffer[9][58]  ; 0                 ; 6       ;
;      - display:framebuffer|framebuffer[9][56]  ; 0                 ; 6       ;
;      - display:framebuffer|framebuffer[9][59]  ; 0                 ; 6       ;
;      - display:framebuffer|framebuffer[9][49]  ; 0                 ; 6       ;
;      - display:framebuffer|framebuffer[9][50]  ; 0                 ; 6       ;
;      - display:framebuffer|framebuffer[9][48]  ; 0                 ; 6       ;
;      - display:framebuffer|framebuffer[9][51]  ; 0                 ; 6       ;
;      - display:framebuffer|framebuffer[9][62]  ; 0                 ; 6       ;
;      - display:framebuffer|framebuffer[9][61]  ; 0                 ; 6       ;
;      - display:framebuffer|framebuffer[9][60]  ; 0                 ; 6       ;
;      - display:framebuffer|framebuffer[9][63]  ; 0                 ; 6       ;
;      - display:framebuffer|framebuffer[8][57]  ; 0                 ; 6       ;
;      - display:framebuffer|framebuffer[8][58]  ; 0                 ; 6       ;
;      - display:framebuffer|framebuffer[8][56]  ; 0                 ; 6       ;
;      - display:framebuffer|framebuffer[8][59]  ; 0                 ; 6       ;
;      - display:framebuffer|framebuffer[8][54]  ; 0                 ; 6       ;
;      - display:framebuffer|framebuffer[8][53]  ; 0                 ; 6       ;
;      - display:framebuffer|framebuffer[8][52]  ; 0                 ; 6       ;
;      - display:framebuffer|framebuffer[8][55]  ; 0                 ; 6       ;
;      - display:framebuffer|framebuffer[8][49]  ; 0                 ; 6       ;
;      - display:framebuffer|framebuffer[8][50]  ; 0                 ; 6       ;
;      - display:framebuffer|framebuffer[8][48]  ; 0                 ; 6       ;
;      - display:framebuffer|framebuffer[8][51]  ; 0                 ; 6       ;
;      - display:framebuffer|framebuffer[8][62]  ; 0                 ; 6       ;
;      - display:framebuffer|framebuffer[8][61]  ; 0                 ; 6       ;
;      - display:framebuffer|framebuffer[8][60]  ; 0                 ; 6       ;
;      - display:framebuffer|framebuffer[8][63]  ; 0                 ; 6       ;
;      - display:framebuffer|framebuffer[11][54] ; 0                 ; 6       ;
;      - display:framebuffer|framebuffer[11][53] ; 0                 ; 6       ;
;      - display:framebuffer|framebuffer[11][52] ; 0                 ; 6       ;
;      - display:framebuffer|framebuffer[11][55] ; 0                 ; 6       ;
;      - display:framebuffer|framebuffer[11][57] ; 0                 ; 6       ;
;      - display:framebuffer|framebuffer[11][58] ; 0                 ; 6       ;
;      - display:framebuffer|framebuffer[11][56] ; 0                 ; 6       ;
;      - display:framebuffer|framebuffer[11][59] ; 0                 ; 6       ;
;      - display:framebuffer|framebuffer[11][49] ; 0                 ; 6       ;
;      - display:framebuffer|framebuffer[11][50] ; 0                 ; 6       ;
;      - display:framebuffer|framebuffer[11][48] ; 0                 ; 6       ;
;      - display:framebuffer|framebuffer[11][51] ; 0                 ; 6       ;
;      - display:framebuffer|framebuffer[11][62] ; 0                 ; 6       ;
;      - display:framebuffer|framebuffer[11][61] ; 0                 ; 6       ;
;      - display:framebuffer|framebuffer[11][60] ; 0                 ; 6       ;
;      - display:framebuffer|framebuffer[11][63] ; 0                 ; 6       ;
;      - display:framebuffer|framebuffer[5][25]  ; 0                 ; 6       ;
;      - display:framebuffer|framebuffer[5][41]  ; 0                 ; 6       ;
;      - display:framebuffer|framebuffer[5][9]   ; 0                 ; 6       ;
;      - display:framebuffer|framebuffer[5][57]  ; 0                 ; 6       ;
;      - display:framebuffer|framebuffer[6][41]  ; 0                 ; 6       ;
;      - display:framebuffer|framebuffer[6][25]  ; 0                 ; 6       ;
;      - display:framebuffer|framebuffer[6][9]   ; 0                 ; 6       ;
;      - display:framebuffer|framebuffer[6][57]  ; 0                 ; 6       ;
;      - display:framebuffer|framebuffer[4][41]  ; 0                 ; 6       ;
;      - display:framebuffer|framebuffer[4][25]  ; 0                 ; 6       ;
;      - display:framebuffer|framebuffer[4][9]   ; 0                 ; 6       ;
;      - display:framebuffer|framebuffer[4][57]  ; 0                 ; 6       ;
;      - display:framebuffer|framebuffer[7][25]  ; 0                 ; 6       ;
;      - display:framebuffer|framebuffer[7][41]  ; 0                 ; 6       ;
;      - display:framebuffer|framebuffer[7][9]   ; 0                 ; 6       ;
;      - display:framebuffer|framebuffer[7][57]  ; 0                 ; 6       ;
;      - display:framebuffer|framebuffer[6][42]  ; 0                 ; 6       ;
;      - display:framebuffer|framebuffer[6][26]  ; 0                 ; 6       ;
;      - display:framebuffer|framebuffer[6][10]  ; 0                 ; 6       ;
;      - display:framebuffer|framebuffer[6][58]  ; 0                 ; 6       ;
;      - display:framebuffer|framebuffer[5][26]  ; 0                 ; 6       ;
;      - display:framebuffer|framebuffer[5][42]  ; 0                 ; 6       ;
;      - display:framebuffer|framebuffer[5][10]  ; 0                 ; 6       ;
;      - display:framebuffer|framebuffer[5][58]  ; 0                 ; 6       ;
;      - display:framebuffer|framebuffer[4][42]  ; 0                 ; 6       ;
;      - display:framebuffer|framebuffer[4][26]  ; 0                 ; 6       ;
;      - display:framebuffer|framebuffer[4][10]  ; 0                 ; 6       ;
;      - display:framebuffer|framebuffer[4][58]  ; 0                 ; 6       ;
;      - display:framebuffer|framebuffer[7][26]  ; 0                 ; 6       ;
;      - display:framebuffer|framebuffer[7][42]  ; 0                 ; 6       ;
;      - display:framebuffer|framebuffer[7][10]  ; 0                 ; 6       ;
;      - display:framebuffer|framebuffer[7][58]  ; 0                 ; 6       ;
;      - display:framebuffer|framebuffer[6][40]  ; 0                 ; 6       ;
;      - display:framebuffer|framebuffer[6][24]  ; 0                 ; 6       ;
;      - display:framebuffer|framebuffer[6][8]   ; 0                 ; 6       ;
;      - display:framebuffer|framebuffer[6][56]  ; 0                 ; 6       ;
;      - display:framebuffer|framebuffer[5][24]  ; 0                 ; 6       ;
;      - display:framebuffer|framebuffer[5][40]  ; 0                 ; 6       ;
;      - display:framebuffer|framebuffer[5][8]   ; 0                 ; 6       ;
;      - display:framebuffer|framebuffer[5][56]  ; 0                 ; 6       ;
;      - display:framebuffer|framebuffer[4][40]  ; 0                 ; 6       ;
;      - display:framebuffer|framebuffer[4][24]  ; 0                 ; 6       ;
;      - display:framebuffer|framebuffer[4][8]   ; 0                 ; 6       ;
;      - display:framebuffer|framebuffer[4][56]  ; 0                 ; 6       ;
;      - display:framebuffer|framebuffer[7][24]  ; 0                 ; 6       ;
;      - display:framebuffer|framebuffer[7][40]  ; 0                 ; 6       ;
;      - display:framebuffer|framebuffer[7][8]   ; 0                 ; 6       ;
;      - display:framebuffer|framebuffer[7][56]  ; 0                 ; 6       ;
;      - display:framebuffer|framebuffer[5][27]  ; 0                 ; 6       ;
;      - display:framebuffer|framebuffer[5][43]  ; 0                 ; 6       ;
;      - display:framebuffer|framebuffer[5][11]  ; 0                 ; 6       ;
;      - display:framebuffer|framebuffer[5][59]  ; 0                 ; 6       ;
;      - display:framebuffer|framebuffer[6][43]  ; 0                 ; 6       ;
;      - display:framebuffer|framebuffer[6][27]  ; 0                 ; 6       ;
;      - display:framebuffer|framebuffer[6][11]  ; 0                 ; 6       ;
;      - display:framebuffer|framebuffer[6][59]  ; 0                 ; 6       ;
;      - display:framebuffer|framebuffer[4][43]  ; 0                 ; 6       ;
;      - display:framebuffer|framebuffer[4][27]  ; 0                 ; 6       ;
;      - display:framebuffer|framebuffer[4][11]  ; 0                 ; 6       ;
;      - display:framebuffer|framebuffer[4][59]  ; 0                 ; 6       ;
;      - display:framebuffer|framebuffer[7][27]  ; 0                 ; 6       ;
;      - display:framebuffer|framebuffer[7][43]  ; 0                 ; 6       ;
;      - display:framebuffer|framebuffer[7][11]  ; 0                 ; 6       ;
;      - display:framebuffer|framebuffer[7][59]  ; 0                 ; 6       ;
;      - display:framebuffer|framebuffer[6][37]  ; 0                 ; 6       ;
;      - display:framebuffer|framebuffer[5][37]  ; 0                 ; 6       ;
;      - display:framebuffer|framebuffer[4][37]  ; 0                 ; 6       ;
;      - display:framebuffer|framebuffer[7][37]  ; 0                 ; 6       ;
;      - display:framebuffer|framebuffer[5][38]  ; 0                 ; 6       ;
;      - display:framebuffer|framebuffer[6][38]  ; 0                 ; 6       ;
;      - display:framebuffer|framebuffer[4][38]  ; 0                 ; 6       ;
;      - display:framebuffer|framebuffer[7][38]  ; 0                 ; 6       ;
;      - display:framebuffer|framebuffer[5][36]  ; 0                 ; 6       ;
;      - display:framebuffer|framebuffer[6][36]  ; 0                 ; 6       ;
;      - display:framebuffer|framebuffer[4][36]  ; 0                 ; 6       ;
;      - display:framebuffer|framebuffer[7][36]  ; 0                 ; 6       ;
;      - display:framebuffer|framebuffer[6][39]  ; 0                 ; 6       ;
;      - display:framebuffer|framebuffer[5][39]  ; 0                 ; 6       ;
;      - display:framebuffer|framebuffer[4][39]  ; 0                 ; 6       ;
;      - display:framebuffer|framebuffer[7][39]  ; 0                 ; 6       ;
;      - display:framebuffer|framebuffer[5][22]  ; 0                 ; 6       ;
;      - display:framebuffer|framebuffer[6][22]  ; 0                 ; 6       ;
;      - display:framebuffer|framebuffer[4][22]  ; 0                 ; 6       ;
;      - display:framebuffer|framebuffer[7][22]  ; 0                 ; 6       ;
;      - display:framebuffer|framebuffer[6][21]  ; 0                 ; 6       ;
;      - display:framebuffer|framebuffer[5][21]  ; 0                 ; 6       ;
;      - display:framebuffer|framebuffer[4][21]  ; 0                 ; 6       ;
;      - display:framebuffer|framebuffer[7][21]  ; 0                 ; 6       ;
;      - display:framebuffer|framebuffer[5][20]  ; 0                 ; 6       ;
;      - display:framebuffer|framebuffer[6][20]  ; 0                 ; 6       ;
;      - display:framebuffer|framebuffer[4][20]  ; 0                 ; 6       ;
;      - display:framebuffer|framebuffer[7][20]  ; 0                 ; 6       ;
;      - display:framebuffer|framebuffer[6][23]  ; 0                 ; 6       ;
;      - display:framebuffer|framebuffer[5][23]  ; 0                 ; 6       ;
;      - display:framebuffer|framebuffer[4][23]  ; 0                 ; 6       ;
;      - display:framebuffer|framebuffer[7][23]  ; 0                 ; 6       ;
;      - display:framebuffer|framebuffer[6][5]   ; 0                 ; 6       ;
;      - display:framebuffer|framebuffer[5][5]   ; 0                 ; 6       ;
;      - display:framebuffer|framebuffer[4][5]   ; 0                 ; 6       ;
;      - display:framebuffer|framebuffer[7][5]   ; 0                 ; 6       ;
;      - display:framebuffer|framebuffer[5][6]   ; 0                 ; 6       ;
;      - display:framebuffer|framebuffer[6][6]   ; 0                 ; 6       ;
;      - display:framebuffer|framebuffer[4][6]   ; 0                 ; 6       ;
;      - display:framebuffer|framebuffer[7][6]   ; 0                 ; 6       ;
;      - display:framebuffer|framebuffer[5][4]   ; 0                 ; 6       ;
;      - display:framebuffer|framebuffer[6][4]   ; 0                 ; 6       ;
;      - display:framebuffer|framebuffer[4][4]   ; 0                 ; 6       ;
;      - display:framebuffer|framebuffer[7][4]   ; 0                 ; 6       ;
;      - display:framebuffer|framebuffer[6][7]   ; 0                 ; 6       ;
;      - display:framebuffer|framebuffer[5][7]   ; 0                 ; 6       ;
;      - display:framebuffer|framebuffer[4][7]   ; 0                 ; 6       ;
;      - display:framebuffer|framebuffer[7][7]   ; 0                 ; 6       ;
;      - display:framebuffer|framebuffer[5][53]  ; 0                 ; 6       ;
;      - display:framebuffer|framebuffer[5][54]  ; 0                 ; 6       ;
;      - display:framebuffer|framebuffer[5][52]  ; 0                 ; 6       ;
;      - display:framebuffer|framebuffer[5][55]  ; 0                 ; 6       ;
;      - display:framebuffer|framebuffer[6][54]  ; 0                 ; 6       ;
;      - display:framebuffer|framebuffer[6][53]  ; 0                 ; 6       ;
;      - display:framebuffer|framebuffer[6][52]  ; 0                 ; 6       ;
;      - display:framebuffer|framebuffer[6][55]  ; 0                 ; 6       ;
;      - display:framebuffer|framebuffer[4][54]  ; 0                 ; 6       ;
;      - display:framebuffer|framebuffer[4][53]  ; 0                 ; 6       ;
;      - display:framebuffer|framebuffer[4][52]  ; 0                 ; 6       ;
;      - display:framebuffer|framebuffer[4][55]  ; 0                 ; 6       ;
;      - display:framebuffer|framebuffer[7][53]  ; 0                 ; 6       ;
;      - display:framebuffer|framebuffer[7][54]  ; 0                 ; 6       ;
;      - display:framebuffer|framebuffer[7][52]  ; 0                 ; 6       ;
;      - display:framebuffer|framebuffer[7][55]  ; 0                 ; 6       ;
;      - display:framebuffer|framebuffer[5][18]  ; 0                 ; 6       ;
;      - display:framebuffer|framebuffer[6][18]  ; 0                 ; 6       ;
;      - display:framebuffer|framebuffer[4][18]  ; 0                 ; 6       ;
;      - display:framebuffer|framebuffer[7][18]  ; 0                 ; 6       ;
;      - display:framebuffer|framebuffer[6][17]  ; 0                 ; 6       ;
;      - display:framebuffer|framebuffer[5][17]  ; 0                 ; 6       ;
;      - display:framebuffer|framebuffer[4][17]  ; 0                 ; 6       ;
;      - display:framebuffer|framebuffer[7][17]  ; 0                 ; 6       ;
;      - display:framebuffer|framebuffer[5][16]  ; 0                 ; 6       ;
;      - display:framebuffer|framebuffer[6][16]  ; 0                 ; 6       ;
;      - display:framebuffer|framebuffer[4][16]  ; 0                 ; 6       ;
;      - display:framebuffer|framebuffer[7][16]  ; 0                 ; 6       ;
;      - display:framebuffer|framebuffer[6][19]  ; 0                 ; 6       ;
;      - display:framebuffer|framebuffer[5][19]  ; 0                 ; 6       ;
;      - display:framebuffer|framebuffer[4][19]  ; 0                 ; 6       ;
;      - display:framebuffer|framebuffer[7][19]  ; 0                 ; 6       ;
;      - display:framebuffer|framebuffer[6][33]  ; 0                 ; 6       ;
;      - display:framebuffer|framebuffer[5][33]  ; 0                 ; 6       ;
;      - display:framebuffer|framebuffer[4][33]  ; 0                 ; 6       ;
;      - display:framebuffer|framebuffer[7][33]  ; 0                 ; 6       ;
;      - display:framebuffer|framebuffer[5][34]  ; 0                 ; 6       ;
;      - display:framebuffer|framebuffer[6][34]  ; 0                 ; 6       ;
;      - display:framebuffer|framebuffer[4][34]  ; 0                 ; 6       ;
;      - display:framebuffer|framebuffer[7][34]  ; 0                 ; 6       ;
;      - display:framebuffer|framebuffer[5][32]  ; 0                 ; 6       ;
;      - display:framebuffer|framebuffer[6][32]  ; 0                 ; 6       ;
;      - display:framebuffer|framebuffer[4][32]  ; 0                 ; 6       ;
;      - display:framebuffer|framebuffer[7][32]  ; 0                 ; 6       ;
;      - display:framebuffer|framebuffer[6][35]  ; 0                 ; 6       ;
;      - display:framebuffer|framebuffer[5][35]  ; 0                 ; 6       ;
;      - display:framebuffer|framebuffer[4][35]  ; 0                 ; 6       ;
;      - display:framebuffer|framebuffer[7][35]  ; 0                 ; 6       ;
;      - display:framebuffer|framebuffer[6][1]   ; 0                 ; 6       ;
;      - display:framebuffer|framebuffer[5][1]   ; 0                 ; 6       ;
;      - display:framebuffer|framebuffer[4][1]   ; 0                 ; 6       ;
;      - display:framebuffer|framebuffer[7][1]   ; 0                 ; 6       ;
;      - display:framebuffer|framebuffer[5][2]   ; 0                 ; 6       ;
;      - display:framebuffer|framebuffer[6][2]   ; 0                 ; 6       ;
;      - display:framebuffer|framebuffer[4][2]   ; 0                 ; 6       ;
;      - display:framebuffer|framebuffer[7][2]   ; 0                 ; 6       ;
;      - display:framebuffer|framebuffer[6][3]   ; 0                 ; 6       ;
;      - display:framebuffer|framebuffer[5][3]   ; 0                 ; 6       ;
;      - display:framebuffer|framebuffer[4][3]   ; 0                 ; 6       ;
;      - display:framebuffer|framebuffer[7][3]   ; 0                 ; 6       ;
;      - display:framebuffer|framebuffer[5][50]  ; 0                 ; 6       ;
;      - display:framebuffer|framebuffer[6][50]  ; 0                 ; 6       ;
;      - display:framebuffer|framebuffer[4][50]  ; 0                 ; 6       ;
;      - display:framebuffer|framebuffer[7][50]  ; 0                 ; 6       ;
;      - display:framebuffer|framebuffer[6][49]  ; 0                 ; 6       ;
;      - display:framebuffer|framebuffer[5][49]  ; 0                 ; 6       ;
;      - display:framebuffer|framebuffer[4][49]  ; 0                 ; 6       ;
;      - display:framebuffer|framebuffer[7][49]  ; 0                 ; 6       ;
;      - display:framebuffer|framebuffer[5][48]  ; 0                 ; 6       ;
;      - display:framebuffer|framebuffer[6][48]  ; 0                 ; 6       ;
;      - display:framebuffer|framebuffer[4][48]  ; 0                 ; 6       ;
;      - display:framebuffer|framebuffer[7][48]  ; 0                 ; 6       ;
;      - display:framebuffer|framebuffer[6][51]  ; 0                 ; 6       ;
;      - display:framebuffer|framebuffer[5][51]  ; 0                 ; 6       ;
;      - display:framebuffer|framebuffer[4][51]  ; 0                 ; 6       ;
;      - display:framebuffer|framebuffer[7][51]  ; 0                 ; 6       ;
;      - display:framebuffer|framebuffer[5][30]  ; 0                 ; 6       ;
;      - display:framebuffer|framebuffer[6][30]  ; 0                 ; 6       ;
;      - display:framebuffer|framebuffer[4][30]  ; 0                 ; 6       ;
;      - display:framebuffer|framebuffer[7][30]  ; 0                 ; 6       ;
;      - display:framebuffer|framebuffer[6][29]  ; 0                 ; 6       ;
;      - display:framebuffer|framebuffer[5][29]  ; 0                 ; 6       ;
;      - display:framebuffer|framebuffer[4][29]  ; 0                 ; 6       ;
;      - display:framebuffer|framebuffer[7][29]  ; 0                 ; 6       ;
;      - display:framebuffer|framebuffer[5][28]  ; 0                 ; 6       ;
;      - display:framebuffer|framebuffer[6][28]  ; 0                 ; 6       ;
;      - display:framebuffer|framebuffer[4][28]  ; 0                 ; 6       ;
;      - display:framebuffer|framebuffer[7][28]  ; 0                 ; 6       ;
;      - display:framebuffer|framebuffer[6][31]  ; 0                 ; 6       ;
;      - display:framebuffer|framebuffer[5][31]  ; 0                 ; 6       ;
;      - display:framebuffer|framebuffer[4][31]  ; 0                 ; 6       ;
;      - display:framebuffer|framebuffer[7][31]  ; 0                 ; 6       ;
;      - display:framebuffer|framebuffer[5][46]  ; 0                 ; 6       ;
;      - display:framebuffer|framebuffer[5][45]  ; 0                 ; 6       ;
;      - display:framebuffer|framebuffer[5][44]  ; 0                 ; 6       ;
;      - display:framebuffer|framebuffer[5][47]  ; 0                 ; 6       ;
;      - display:framebuffer|framebuffer[6][45]  ; 0                 ; 6       ;
;      - display:framebuffer|framebuffer[6][46]  ; 0                 ; 6       ;
;      - display:framebuffer|framebuffer[6][44]  ; 0                 ; 6       ;
;      - display:framebuffer|framebuffer[6][47]  ; 0                 ; 6       ;
;      - display:framebuffer|framebuffer[4][45]  ; 0                 ; 6       ;
;      - display:framebuffer|framebuffer[4][46]  ; 0                 ; 6       ;
;      - display:framebuffer|framebuffer[4][44]  ; 0                 ; 6       ;
;      - display:framebuffer|framebuffer[4][47]  ; 0                 ; 6       ;
;      - display:framebuffer|framebuffer[7][46]  ; 0                 ; 6       ;
;      - display:framebuffer|framebuffer[7][45]  ; 0                 ; 6       ;
;      - display:framebuffer|framebuffer[7][44]  ; 0                 ; 6       ;
;      - display:framebuffer|framebuffer[7][47]  ; 0                 ; 6       ;
;      - display:framebuffer|framebuffer[6][14]  ; 0                 ; 6       ;
;      - display:framebuffer|framebuffer[6][13]  ; 0                 ; 6       ;
;      - display:framebuffer|framebuffer[6][12]  ; 0                 ; 6       ;
;      - display:framebuffer|framebuffer[6][15]  ; 0                 ; 6       ;
;      - display:framebuffer|framebuffer[5][13]  ; 0                 ; 6       ;
;      - display:framebuffer|framebuffer[5][14]  ; 0                 ; 6       ;
;      - display:framebuffer|framebuffer[5][12]  ; 0                 ; 6       ;
;      - display:framebuffer|framebuffer[5][15]  ; 0                 ; 6       ;
;      - display:framebuffer|framebuffer[4][14]  ; 0                 ; 6       ;
;      - display:framebuffer|framebuffer[4][13]  ; 0                 ; 6       ;
;      - display:framebuffer|framebuffer[4][12]  ; 0                 ; 6       ;
;      - display:framebuffer|framebuffer[4][15]  ; 0                 ; 6       ;
;      - display:framebuffer|framebuffer[7][13]  ; 0                 ; 6       ;
;      - display:framebuffer|framebuffer[7][14]  ; 0                 ; 6       ;
;      - display:framebuffer|framebuffer[7][12]  ; 0                 ; 6       ;
;      - display:framebuffer|framebuffer[7][15]  ; 0                 ; 6       ;
;      - display:framebuffer|framebuffer[5][61]  ; 0                 ; 6       ;
;      - display:framebuffer|framebuffer[6][61]  ; 0                 ; 6       ;
;      - display:framebuffer|framebuffer[4][61]  ; 0                 ; 6       ;
;      - display:framebuffer|framebuffer[7][61]  ; 0                 ; 6       ;
;      - display:framebuffer|framebuffer[6][62]  ; 0                 ; 6       ;
;      - display:framebuffer|framebuffer[5][62]  ; 0                 ; 6       ;
;      - display:framebuffer|framebuffer[4][62]  ; 0                 ; 6       ;
;      - display:framebuffer|framebuffer[7][62]  ; 0                 ; 6       ;
;      - display:framebuffer|framebuffer[6][60]  ; 0                 ; 6       ;
;      - display:framebuffer|framebuffer[5][60]  ; 0                 ; 6       ;
;      - display:framebuffer|framebuffer[4][60]  ; 0                 ; 6       ;
;      - display:framebuffer|framebuffer[7][60]  ; 0                 ; 6       ;
;      - display:framebuffer|framebuffer[5][63]  ; 0                 ; 6       ;
;      - display:framebuffer|framebuffer[6][63]  ; 0                 ; 6       ;
;      - display:framebuffer|framebuffer[4][63]  ; 0                 ; 6       ;
;      - display:framebuffer|framebuffer[7][63]  ; 0                 ; 6       ;
;      - display:framebuffer|framebuffer[2][22]  ; 0                 ; 6       ;
;      - display:framebuffer|framebuffer[2][38]  ; 0                 ; 6       ;
;      - display:framebuffer|framebuffer[2][6]   ; 0                 ; 6       ;
;      - display:framebuffer|framebuffer[2][54]  ; 0                 ; 6       ;
;      - display:framebuffer|framebuffer[2][37]  ; 0                 ; 6       ;
;      - display:framebuffer|framebuffer[2][21]  ; 0                 ; 6       ;
;      - display:framebuffer|framebuffer[2][5]   ; 0                 ; 6       ;
;      - display:framebuffer|framebuffer[2][53]  ; 0                 ; 6       ;
;      - display:framebuffer|framebuffer[2][20]  ; 0                 ; 6       ;
;      - display:framebuffer|framebuffer[2][36]  ; 0                 ; 6       ;
;      - display:framebuffer|framebuffer[2][4]   ; 0                 ; 6       ;
;      - display:framebuffer|framebuffer[2][52]  ; 0                 ; 6       ;
;      - display:framebuffer|framebuffer[2][39]  ; 0                 ; 6       ;
;      - display:framebuffer|framebuffer[2][23]  ; 0                 ; 6       ;
;      - display:framebuffer|framebuffer[2][7]   ; 0                 ; 6       ;
;      - display:framebuffer|framebuffer[2][55]  ; 0                 ; 6       ;
;      - display:framebuffer|framebuffer[2][41]  ; 0                 ; 6       ;
;      - display:framebuffer|framebuffer[2][25]  ; 0                 ; 6       ;
;      - display:framebuffer|framebuffer[2][9]   ; 0                 ; 6       ;
;      - display:framebuffer|framebuffer[2][57]  ; 0                 ; 6       ;
;      - display:framebuffer|framebuffer[2][26]  ; 0                 ; 6       ;
;      - display:framebuffer|framebuffer[2][42]  ; 0                 ; 6       ;
;      - display:framebuffer|framebuffer[2][10]  ; 0                 ; 6       ;
;      - display:framebuffer|framebuffer[2][58]  ; 0                 ; 6       ;
;      - display:framebuffer|framebuffer[2][24]  ; 0                 ; 6       ;
;      - display:framebuffer|framebuffer[2][40]  ; 0                 ; 6       ;
;      - display:framebuffer|framebuffer[2][8]   ; 0                 ; 6       ;
;      - display:framebuffer|framebuffer[2][56]  ; 0                 ; 6       ;
;      - display:framebuffer|framebuffer[2][43]  ; 0                 ; 6       ;
;      - display:framebuffer|framebuffer[2][27]  ; 0                 ; 6       ;
;      - display:framebuffer|framebuffer[2][11]  ; 0                 ; 6       ;
;      - display:framebuffer|framebuffer[2][59]  ; 0                 ; 6       ;
;      - display:framebuffer|framebuffer[2][33]  ; 0                 ; 6       ;
;      - display:framebuffer|framebuffer[2][17]  ; 0                 ; 6       ;
;      - display:framebuffer|framebuffer[2][1]   ; 0                 ; 6       ;
;      - display:framebuffer|framebuffer[2][49]  ; 0                 ; 6       ;
;      - display:framebuffer|framebuffer[2][18]  ; 0                 ; 6       ;
;      - display:framebuffer|framebuffer[2][34]  ; 0                 ; 6       ;
;      - display:framebuffer|framebuffer[2][2]   ; 0                 ; 6       ;
;      - display:framebuffer|framebuffer[2][50]  ; 0                 ; 6       ;
;      - display:framebuffer|framebuffer[2][16]  ; 0                 ; 6       ;
;      - display:framebuffer|framebuffer[2][32]  ; 0                 ; 6       ;
;      - display:framebuffer|framebuffer[2][48]  ; 0                 ; 6       ;
;      - display:framebuffer|framebuffer[2][35]  ; 0                 ; 6       ;
;      - display:framebuffer|framebuffer[2][19]  ; 0                 ; 6       ;
;      - display:framebuffer|framebuffer[2][3]   ; 0                 ; 6       ;
;      - display:framebuffer|framebuffer[2][51]  ; 0                 ; 6       ;
;      - display:framebuffer|framebuffer[2][29]  ; 0                 ; 6       ;
;      - display:framebuffer|framebuffer[2][30]  ; 0                 ; 6       ;
;      - display:framebuffer|framebuffer[2][28]  ; 0                 ; 6       ;
;      - display:framebuffer|framebuffer[2][31]  ; 0                 ; 6       ;
;      - display:framebuffer|framebuffer[2][46]  ; 0                 ; 6       ;
;      - display:framebuffer|framebuffer[2][45]  ; 0                 ; 6       ;
;      - display:framebuffer|framebuffer[2][44]  ; 0                 ; 6       ;
;      - display:framebuffer|framebuffer[2][47]  ; 0                 ; 6       ;
;      - display:framebuffer|framebuffer[2][14]  ; 0                 ; 6       ;
;      - display:framebuffer|framebuffer[2][13]  ; 0                 ; 6       ;
;      - display:framebuffer|framebuffer[2][12]  ; 0                 ; 6       ;
;      - display:framebuffer|framebuffer[2][15]  ; 0                 ; 6       ;
;      - display:framebuffer|framebuffer[2][61]  ; 0                 ; 6       ;
;      - display:framebuffer|framebuffer[2][62]  ; 0                 ; 6       ;
;      - display:framebuffer|framebuffer[2][60]  ; 0                 ; 6       ;
;      - display:framebuffer|framebuffer[2][63]  ; 0                 ; 6       ;
;      - display:framebuffer|framebuffer[1][26]  ; 0                 ; 6       ;
;      - display:framebuffer|framebuffer[1][25]  ; 0                 ; 6       ;
;      - display:framebuffer|framebuffer[1][24]  ; 0                 ; 6       ;
;      - display:framebuffer|framebuffer[1][27]  ; 0                 ; 6       ;
;      - display:framebuffer|framebuffer[1][21]  ; 0                 ; 6       ;
;      - display:framebuffer|framebuffer[1][22]  ; 0                 ; 6       ;
;      - display:framebuffer|framebuffer[1][20]  ; 0                 ; 6       ;
;      - display:framebuffer|framebuffer[1][23]  ; 0                 ; 6       ;
;      - display:framebuffer|framebuffer[1][18]  ; 0                 ; 6       ;
;      - display:framebuffer|framebuffer[1][17]  ; 0                 ; 6       ;
;      - display:framebuffer|framebuffer[1][16]  ; 0                 ; 6       ;
;      - display:framebuffer|framebuffer[1][19]  ; 0                 ; 6       ;
;      - display:framebuffer|framebuffer[1][29]  ; 0                 ; 6       ;
;      - display:framebuffer|framebuffer[1][30]  ; 0                 ; 6       ;
;      - display:framebuffer|framebuffer[1][28]  ; 0                 ; 6       ;
;      - display:framebuffer|framebuffer[1][31]  ; 0                 ; 6       ;
;      - display:framebuffer|framebuffer[1][38]  ; 0                 ; 6       ;
;      - display:framebuffer|framebuffer[1][42]  ; 0                 ; 6       ;
;      - display:framebuffer|framebuffer[1][34]  ; 0                 ; 6       ;
;      - display:framebuffer|framebuffer[1][46]  ; 0                 ; 6       ;
;      - display:framebuffer|framebuffer[1][41]  ; 0                 ; 6       ;
;      - display:framebuffer|framebuffer[1][37]  ; 0                 ; 6       ;
;      - display:framebuffer|framebuffer[1][33]  ; 0                 ; 6       ;
;      - display:framebuffer|framebuffer[1][45]  ; 0                 ; 6       ;
;      - display:framebuffer|framebuffer[1][36]  ; 0                 ; 6       ;
;      - display:framebuffer|framebuffer[1][40]  ; 0                 ; 6       ;
;      - display:framebuffer|framebuffer[1][32]  ; 0                 ; 6       ;
;      - display:framebuffer|framebuffer[1][44]  ; 0                 ; 6       ;
;      - display:framebuffer|framebuffer[1][43]  ; 0                 ; 6       ;
;      - display:framebuffer|framebuffer[1][39]  ; 0                 ; 6       ;
;      - display:framebuffer|framebuffer[1][35]  ; 0                 ; 6       ;
;      - display:framebuffer|framebuffer[1][47]  ; 0                 ; 6       ;
;      - display:framebuffer|framebuffer[1][5]   ; 0                 ; 6       ;
;      - display:framebuffer|framebuffer[1][6]   ; 0                 ; 6       ;
;      - display:framebuffer|framebuffer[1][4]   ; 0                 ; 6       ;
;      - display:framebuffer|framebuffer[1][7]   ; 0                 ; 6       ;
;      - display:framebuffer|framebuffer[1][10]  ; 0                 ; 6       ;
;      - display:framebuffer|framebuffer[1][9]   ; 0                 ; 6       ;
;      - display:framebuffer|framebuffer[1][8]   ; 0                 ; 6       ;
;      - display:framebuffer|framebuffer[1][11]  ; 0                 ; 6       ;
;      - display:framebuffer|framebuffer[1][2]   ; 0                 ; 6       ;
;      - display:framebuffer|framebuffer[1][1]   ; 0                 ; 6       ;
;      - display:framebuffer|framebuffer[1][3]   ; 0                 ; 6       ;
;      - display:framebuffer|framebuffer[1][13]  ; 0                 ; 6       ;
;      - display:framebuffer|framebuffer[1][14]  ; 0                 ; 6       ;
;      - display:framebuffer|framebuffer[1][12]  ; 0                 ; 6       ;
;      - display:framebuffer|framebuffer[1][15]  ; 0                 ; 6       ;
;      - display:framebuffer|framebuffer[1][54]  ; 0                 ; 6       ;
;      - display:framebuffer|framebuffer[1][53]  ; 0                 ; 6       ;
;      - display:framebuffer|framebuffer[1][52]  ; 0                 ; 6       ;
;      - display:framebuffer|framebuffer[1][55]  ; 0                 ; 6       ;
;      - display:framebuffer|framebuffer[1][57]  ; 0                 ; 6       ;
;      - display:framebuffer|framebuffer[1][58]  ; 0                 ; 6       ;
;      - display:framebuffer|framebuffer[1][56]  ; 0                 ; 6       ;
;      - display:framebuffer|framebuffer[1][59]  ; 0                 ; 6       ;
;      - display:framebuffer|framebuffer[1][49]  ; 0                 ; 6       ;
;      - display:framebuffer|framebuffer[1][50]  ; 0                 ; 6       ;
;      - display:framebuffer|framebuffer[1][48]  ; 0                 ; 6       ;
;      - display:framebuffer|framebuffer[1][51]  ; 0                 ; 6       ;
;      - display:framebuffer|framebuffer[1][62]  ; 0                 ; 6       ;
;      - display:framebuffer|framebuffer[1][61]  ; 0                 ; 6       ;
;      - display:framebuffer|framebuffer[1][60]  ; 0                 ; 6       ;
;      - display:framebuffer|framebuffer[1][63]  ; 0                 ; 6       ;
;      - display:framebuffer|framebuffer[0][37]  ; 0                 ; 6       ;
;      - display:framebuffer|framebuffer[0][38]  ; 0                 ; 6       ;
;      - display:framebuffer|framebuffer[0][36]  ; 0                 ; 6       ;
;      - display:framebuffer|framebuffer[0][39]  ; 0                 ; 6       ;
;      - display:framebuffer|framebuffer[0][42]  ; 0                 ; 6       ;
;      - display:framebuffer|framebuffer[0][41]  ; 0                 ; 6       ;
;      - display:framebuffer|framebuffer[0][40]  ; 0                 ; 6       ;
;      - display:framebuffer|framebuffer[0][43]  ; 0                 ; 6       ;
;      - display:framebuffer|framebuffer[0][34]  ; 0                 ; 6       ;
;      - display:framebuffer|framebuffer[0][33]  ; 0                 ; 6       ;
;      - display:framebuffer|framebuffer[0][32]  ; 0                 ; 6       ;
;      - display:framebuffer|framebuffer[0][35]  ; 0                 ; 6       ;
;      - display:framebuffer|framebuffer[0][45]  ; 0                 ; 6       ;
;      - display:framebuffer|framebuffer[0][46]  ; 0                 ; 6       ;
;      - display:framebuffer|framebuffer[0][44]  ; 0                 ; 6       ;
;      - display:framebuffer|framebuffer[0][47]  ; 0                 ; 6       ;
;      - display:framebuffer|framebuffer[0][26]  ; 0                 ; 6       ;
;      - display:framebuffer|framebuffer[0][25]  ; 0                 ; 6       ;
;      - display:framebuffer|framebuffer[0][24]  ; 0                 ; 6       ;
;      - display:framebuffer|framebuffer[0][27]  ; 0                 ; 6       ;
;      - display:framebuffer|framebuffer[0][21]  ; 0                 ; 6       ;
;      - display:framebuffer|framebuffer[0][22]  ; 0                 ; 6       ;
;      - display:framebuffer|framebuffer[0][20]  ; 0                 ; 6       ;
;      - display:framebuffer|framebuffer[0][23]  ; 0                 ; 6       ;
;      - display:framebuffer|framebuffer[0][18]  ; 0                 ; 6       ;
;      - display:framebuffer|framebuffer[0][17]  ; 0                 ; 6       ;
;      - display:framebuffer|framebuffer[0][16]  ; 0                 ; 6       ;
;      - display:framebuffer|framebuffer[0][19]  ; 0                 ; 6       ;
;      - display:framebuffer|framebuffer[0][29]  ; 0                 ; 6       ;
;      - display:framebuffer|framebuffer[0][30]  ; 0                 ; 6       ;
;      - display:framebuffer|framebuffer[0][28]  ; 0                 ; 6       ;
;      - display:framebuffer|framebuffer[0][31]  ; 0                 ; 6       ;
;      - display:framebuffer|framebuffer[0][5]   ; 0                 ; 6       ;
;      - display:framebuffer|framebuffer[0][6]   ; 0                 ; 6       ;
;      - display:framebuffer|framebuffer[0][4]   ; 0                 ; 6       ;
;      - display:framebuffer|framebuffer[0][7]   ; 0                 ; 6       ;
;      - display:framebuffer|framebuffer[0][10]  ; 0                 ; 6       ;
;      - display:framebuffer|framebuffer[0][9]   ; 0                 ; 6       ;
;      - display:framebuffer|framebuffer[0][8]   ; 0                 ; 6       ;
;      - display:framebuffer|framebuffer[0][11]  ; 0                 ; 6       ;
;      - display:framebuffer|framebuffer[0][2]   ; 0                 ; 6       ;
;      - display:framebuffer|framebuffer[0][1]   ; 0                 ; 6       ;
;      - display:framebuffer|framebuffer[0][3]   ; 0                 ; 6       ;
;      - display:framebuffer|framebuffer[0][13]  ; 0                 ; 6       ;
;      - display:framebuffer|framebuffer[0][14]  ; 0                 ; 6       ;
;      - display:framebuffer|framebuffer[0][12]  ; 0                 ; 6       ;
;      - display:framebuffer|framebuffer[0][15]  ; 0                 ; 6       ;
;      - display:framebuffer|framebuffer[0][58]  ; 0                 ; 6       ;
;      - display:framebuffer|framebuffer[0][57]  ; 0                 ; 6       ;
;      - display:framebuffer|framebuffer[0][56]  ; 0                 ; 6       ;
;      - display:framebuffer|framebuffer[0][59]  ; 0                 ; 6       ;
;      - display:framebuffer|framebuffer[0][53]  ; 0                 ; 6       ;
;      - display:framebuffer|framebuffer[0][54]  ; 0                 ; 6       ;
;      - display:framebuffer|framebuffer[0][52]  ; 0                 ; 6       ;
;      - display:framebuffer|framebuffer[0][55]  ; 0                 ; 6       ;
;      - display:framebuffer|framebuffer[0][50]  ; 0                 ; 6       ;
;      - display:framebuffer|framebuffer[0][49]  ; 0                 ; 6       ;
;      - display:framebuffer|framebuffer[0][48]  ; 0                 ; 6       ;
;      - display:framebuffer|framebuffer[0][51]  ; 0                 ; 6       ;
;      - display:framebuffer|framebuffer[0][61]  ; 0                 ; 6       ;
;      - display:framebuffer|framebuffer[0][62]  ; 0                 ; 6       ;
;      - display:framebuffer|framebuffer[0][60]  ; 0                 ; 6       ;
;      - display:framebuffer|framebuffer[0][63]  ; 0                 ; 6       ;
;      - display:framebuffer|framebuffer[3][42]  ; 0                 ; 6       ;
;      - display:framebuffer|framebuffer[3][38]  ; 0                 ; 6       ;
;      - display:framebuffer|framebuffer[3][34]  ; 0                 ; 6       ;
;      - display:framebuffer|framebuffer[3][46]  ; 0                 ; 6       ;
;      - display:framebuffer|framebuffer[3][37]  ; 0                 ; 6       ;
;      - display:framebuffer|framebuffer[3][41]  ; 0                 ; 6       ;
;      - display:framebuffer|framebuffer[3][33]  ; 0                 ; 6       ;
;      - display:framebuffer|framebuffer[3][45]  ; 0                 ; 6       ;
;      - display:framebuffer|framebuffer[3][40]  ; 0                 ; 6       ;
;      - display:framebuffer|framebuffer[3][36]  ; 0                 ; 6       ;
;      - display:framebuffer|framebuffer[3][32]  ; 0                 ; 6       ;
;      - display:framebuffer|framebuffer[3][44]  ; 0                 ; 6       ;
;      - display:framebuffer|framebuffer[3][39]  ; 0                 ; 6       ;
;      - display:framebuffer|framebuffer[3][43]  ; 0                 ; 6       ;
;      - display:framebuffer|framebuffer[3][35]  ; 0                 ; 6       ;
;      - display:framebuffer|framebuffer[3][47]  ; 0                 ; 6       ;
;      - display:framebuffer|framebuffer[3][21]  ; 0                 ; 6       ;
;      - display:framebuffer|framebuffer[3][25]  ; 0                 ; 6       ;
;      - display:framebuffer|framebuffer[3][17]  ; 0                 ; 6       ;
;      - display:framebuffer|framebuffer[3][29]  ; 0                 ; 6       ;
;      - display:framebuffer|framebuffer[3][26]  ; 0                 ; 6       ;
;      - display:framebuffer|framebuffer[3][22]  ; 0                 ; 6       ;
;      - display:framebuffer|framebuffer[3][18]  ; 0                 ; 6       ;
;      - display:framebuffer|framebuffer[3][30]  ; 0                 ; 6       ;
;      - display:framebuffer|framebuffer[3][24]  ; 0                 ; 6       ;
;      - display:framebuffer|framebuffer[3][20]  ; 0                 ; 6       ;
;      - display:framebuffer|framebuffer[3][16]  ; 0                 ; 6       ;
;      - display:framebuffer|framebuffer[3][28]  ; 0                 ; 6       ;
;      - display:framebuffer|framebuffer[3][23]  ; 0                 ; 6       ;
;      - display:framebuffer|framebuffer[3][27]  ; 0                 ; 6       ;
;      - display:framebuffer|framebuffer[3][19]  ; 0                 ; 6       ;
;      - display:framebuffer|framebuffer[3][31]  ; 0                 ; 6       ;
;      - display:framebuffer|framebuffer[3][10]  ; 0                 ; 6       ;
;      - display:framebuffer|framebuffer[3][6]   ; 0                 ; 6       ;
;      - display:framebuffer|framebuffer[3][2]   ; 0                 ; 6       ;
;      - display:framebuffer|framebuffer[3][14]  ; 0                 ; 6       ;
;      - display:framebuffer|framebuffer[3][5]   ; 0                 ; 6       ;
;      - display:framebuffer|framebuffer[3][9]   ; 0                 ; 6       ;
;      - display:framebuffer|framebuffer[3][1]   ; 0                 ; 6       ;
;      - display:framebuffer|framebuffer[3][13]  ; 0                 ; 6       ;
;      - display:framebuffer|framebuffer[3][8]   ; 0                 ; 6       ;
;      - display:framebuffer|framebuffer[3][4]   ; 0                 ; 6       ;
;      - display:framebuffer|framebuffer[3][12]  ; 0                 ; 6       ;
;      - display:framebuffer|framebuffer[3][7]   ; 0                 ; 6       ;
;      - display:framebuffer|framebuffer[3][11]  ; 0                 ; 6       ;
;      - display:framebuffer|framebuffer[3][3]   ; 0                 ; 6       ;
;      - display:framebuffer|framebuffer[3][15]  ; 0                 ; 6       ;
;      - display:framebuffer|framebuffer[3][57]  ; 0                 ; 6       ;
;      - display:framebuffer|framebuffer[3][58]  ; 0                 ; 6       ;
;      - display:framebuffer|framebuffer[3][56]  ; 0                 ; 6       ;
;      - display:framebuffer|framebuffer[3][59]  ; 0                 ; 6       ;
;      - display:framebuffer|framebuffer[3][54]  ; 0                 ; 6       ;
;      - display:framebuffer|framebuffer[3][53]  ; 0                 ; 6       ;
;      - display:framebuffer|framebuffer[3][52]  ; 0                 ; 6       ;
;      - display:framebuffer|framebuffer[3][55]  ; 0                 ; 6       ;
;      - display:framebuffer|framebuffer[3][49]  ; 0                 ; 6       ;
;      - display:framebuffer|framebuffer[3][50]  ; 0                 ; 6       ;
;      - display:framebuffer|framebuffer[3][48]  ; 0                 ; 6       ;
;      - display:framebuffer|framebuffer[3][51]  ; 0                 ; 6       ;
;      - display:framebuffer|framebuffer[3][62]  ; 0                 ; 6       ;
;      - display:framebuffer|framebuffer[3][61]  ; 0                 ; 6       ;
;      - display:framebuffer|framebuffer[3][60]  ; 0                 ; 6       ;
;      - display:framebuffer|framebuffer[3][63]  ; 0                 ; 6       ;
;      - display:framebuffer|framebuffer[13][25] ; 0                 ; 6       ;
;      - display:framebuffer|framebuffer[13][41] ; 0                 ; 6       ;
;      - display:framebuffer|framebuffer[13][9]  ; 0                 ; 6       ;
;      - display:framebuffer|framebuffer[13][57] ; 0                 ; 6       ;
;      - display:framebuffer|framebuffer[13][42] ; 0                 ; 6       ;
;      - display:framebuffer|framebuffer[13][26] ; 0                 ; 6       ;
;      - display:framebuffer|framebuffer[13][10] ; 0                 ; 6       ;
;      - display:framebuffer|framebuffer[13][58] ; 0                 ; 6       ;
;      - display:framebuffer|framebuffer[13][40] ; 0                 ; 6       ;
;      - display:framebuffer|framebuffer[13][24] ; 0                 ; 6       ;
;      - display:framebuffer|framebuffer[13][8]  ; 0                 ; 6       ;
;      - display:framebuffer|framebuffer[13][56] ; 0                 ; 6       ;
;      - display:framebuffer|framebuffer[13][27] ; 0                 ; 6       ;
;      - display:framebuffer|framebuffer[13][43] ; 0                 ; 6       ;
;      - display:framebuffer|framebuffer[13][11] ; 0                 ; 6       ;
;      - display:framebuffer|framebuffer[13][59] ; 0                 ; 6       ;
;      - display:framebuffer|framebuffer[13][38] ; 0                 ; 6       ;
;      - display:framebuffer|framebuffer[13][22] ; 0                 ; 6       ;
;      - display:framebuffer|framebuffer[13][6]  ; 0                 ; 6       ;
;      - display:framebuffer|framebuffer[13][54] ; 0                 ; 6       ;
;      - display:framebuffer|framebuffer[13][21] ; 0                 ; 6       ;
;      - display:framebuffer|framebuffer[13][37] ; 0                 ; 6       ;
;      - display:framebuffer|framebuffer[13][5]  ; 0                 ; 6       ;
;      - display:framebuffer|framebuffer[13][53] ; 0                 ; 6       ;
;      - display:framebuffer|framebuffer[13][36] ; 0                 ; 6       ;
;      - display:framebuffer|framebuffer[13][20] ; 0                 ; 6       ;
;      - display:framebuffer|framebuffer[13][4]  ; 0                 ; 6       ;
;      - display:framebuffer|framebuffer[13][52] ; 0                 ; 6       ;
;      - display:framebuffer|framebuffer[13][23] ; 0                 ; 6       ;
;      - display:framebuffer|framebuffer[13][39] ; 0                 ; 6       ;
;      - display:framebuffer|framebuffer[13][7]  ; 0                 ; 6       ;
;      - display:framebuffer|framebuffer[13][55] ; 0                 ; 6       ;
;      - display:framebuffer|framebuffer[13][17] ; 0                 ; 6       ;
;      - display:framebuffer|framebuffer[13][33] ; 0                 ; 6       ;
;      - display:framebuffer|framebuffer[13][1]  ; 0                 ; 6       ;
;      - display:framebuffer|framebuffer[13][49] ; 0                 ; 6       ;
;      - display:framebuffer|framebuffer[13][34] ; 0                 ; 6       ;
;      - display:framebuffer|framebuffer[13][18] ; 0                 ; 6       ;
;      - display:framebuffer|framebuffer[13][2]  ; 0                 ; 6       ;
;      - display:framebuffer|framebuffer[13][50] ; 0                 ; 6       ;
;      - display:framebuffer|framebuffer[13][32] ; 0                 ; 6       ;
;      - display:framebuffer|framebuffer[13][16] ; 0                 ; 6       ;
;      - display:framebuffer|framebuffer[13][48] ; 0                 ; 6       ;
;      - display:framebuffer|framebuffer[13][19] ; 0                 ; 6       ;
;      - display:framebuffer|framebuffer[13][35] ; 0                 ; 6       ;
;      - display:framebuffer|framebuffer[13][3]  ; 0                 ; 6       ;
;      - display:framebuffer|framebuffer[13][51] ; 0                 ; 6       ;
;      - display:framebuffer|framebuffer[13][46] ; 0                 ; 6       ;
;      - display:framebuffer|framebuffer[13][30] ; 0                 ; 6       ;
;      - display:framebuffer|framebuffer[13][14] ; 0                 ; 6       ;
;      - display:framebuffer|framebuffer[13][62] ; 0                 ; 6       ;
;      - display:framebuffer|framebuffer[13][29] ; 0                 ; 6       ;
;      - display:framebuffer|framebuffer[13][45] ; 0                 ; 6       ;
;      - display:framebuffer|framebuffer[13][13] ; 0                 ; 6       ;
;      - display:framebuffer|framebuffer[13][61] ; 0                 ; 6       ;
;      - display:framebuffer|framebuffer[13][44] ; 0                 ; 6       ;
;      - display:framebuffer|framebuffer[13][28] ; 0                 ; 6       ;
;      - display:framebuffer|framebuffer[13][12] ; 0                 ; 6       ;
;      - display:framebuffer|framebuffer[13][60] ; 0                 ; 6       ;
;      - display:framebuffer|framebuffer[13][31] ; 0                 ; 6       ;
;      - display:framebuffer|framebuffer[13][47] ; 0                 ; 6       ;
;      - display:framebuffer|framebuffer[13][15] ; 0                 ; 6       ;
;      - display:framebuffer|framebuffer[13][63] ; 0                 ; 6       ;
;      - display:framebuffer|framebuffer[14][21] ; 0                 ; 6       ;
;      - display:framebuffer|framebuffer[14][37] ; 0                 ; 6       ;
;      - display:framebuffer|framebuffer[14][5]  ; 0                 ; 6       ;
;      - display:framebuffer|framebuffer[14][53] ; 0                 ; 6       ;
;      - display:framebuffer|framebuffer[14][41] ; 0                 ; 6       ;
;      - display:framebuffer|framebuffer[14][25] ; 0                 ; 6       ;
;      - display:framebuffer|framebuffer[14][9]  ; 0                 ; 6       ;
;      - display:framebuffer|framebuffer[14][57] ; 0                 ; 6       ;
;      - display:framebuffer|framebuffer[14][33] ; 0                 ; 6       ;
;      - display:framebuffer|framebuffer[14][17] ; 0                 ; 6       ;
;      - display:framebuffer|framebuffer[14][1]  ; 0                 ; 6       ;
;      - display:framebuffer|framebuffer[14][49] ; 0                 ; 6       ;
;      - display:framebuffer|framebuffer[14][29] ; 0                 ; 6       ;
;      - display:framebuffer|framebuffer[14][45] ; 0                 ; 6       ;
;      - display:framebuffer|framebuffer[14][13] ; 0                 ; 6       ;
;      - display:framebuffer|framebuffer[14][61] ; 0                 ; 6       ;
;      - display:framebuffer|framebuffer[14][42] ; 0                 ; 6       ;
;      - display:framebuffer|framebuffer[14][26] ; 0                 ; 6       ;
;      - display:framebuffer|framebuffer[14][10] ; 0                 ; 6       ;
;      - display:framebuffer|framebuffer[14][58] ; 0                 ; 6       ;
;      - display:framebuffer|framebuffer[14][22] ; 0                 ; 6       ;
;      - display:framebuffer|framebuffer[14][38] ; 0                 ; 6       ;
;      - display:framebuffer|framebuffer[14][6]  ; 0                 ; 6       ;
;      - display:framebuffer|framebuffer[14][54] ; 0                 ; 6       ;
;      - display:framebuffer|framebuffer[14][34] ; 0                 ; 6       ;
;      - display:framebuffer|framebuffer[14][18] ; 0                 ; 6       ;
;      - display:framebuffer|framebuffer[14][2]  ; 0                 ; 6       ;
;      - display:framebuffer|framebuffer[14][50] ; 0                 ; 6       ;
;      - display:framebuffer|framebuffer[14][30] ; 0                 ; 6       ;
;      - display:framebuffer|framebuffer[14][46] ; 0                 ; 6       ;
;      - display:framebuffer|framebuffer[14][14] ; 0                 ; 6       ;
;      - display:framebuffer|framebuffer[14][62] ; 0                 ; 6       ;
;      - display:framebuffer|framebuffer[14][40] ; 0                 ; 6       ;
;      - display:framebuffer|framebuffer[14][24] ; 0                 ; 6       ;
;      - display:framebuffer|framebuffer[14][8]  ; 0                 ; 6       ;
;      - display:framebuffer|framebuffer[14][56] ; 0                 ; 6       ;
;      - display:framebuffer|framebuffer[14][20] ; 0                 ; 6       ;
;      - display:framebuffer|framebuffer[14][36] ; 0                 ; 6       ;
;      - display:framebuffer|framebuffer[14][4]  ; 0                 ; 6       ;
;      - display:framebuffer|framebuffer[14][52] ; 0                 ; 6       ;
;      - display:framebuffer|framebuffer[14][32] ; 0                 ; 6       ;
;      - display:framebuffer|framebuffer[14][16] ; 0                 ; 6       ;
;      - display:framebuffer|framebuffer[14][48] ; 0                 ; 6       ;
;      - display:framebuffer|framebuffer[14][28] ; 0                 ; 6       ;
;      - display:framebuffer|framebuffer[14][44] ; 0                 ; 6       ;
;      - display:framebuffer|framebuffer[14][12] ; 0                 ; 6       ;
;      - display:framebuffer|framebuffer[14][60] ; 0                 ; 6       ;
;      - display:framebuffer|framebuffer[14][39] ; 0                 ; 6       ;
;      - display:framebuffer|framebuffer[14][43] ; 0                 ; 6       ;
;      - display:framebuffer|framebuffer[14][35] ; 0                 ; 6       ;
;      - display:framebuffer|framebuffer[14][47] ; 0                 ; 6       ;
;      - display:framebuffer|framebuffer[14][27] ; 0                 ; 6       ;
;      - display:framebuffer|framebuffer[14][23] ; 0                 ; 6       ;
;      - display:framebuffer|framebuffer[14][19] ; 0                 ; 6       ;
;      - display:framebuffer|framebuffer[14][31] ; 0                 ; 6       ;
;      - display:framebuffer|framebuffer[14][7]  ; 0                 ; 6       ;
;      - display:framebuffer|framebuffer[14][11] ; 0                 ; 6       ;
;      - display:framebuffer|framebuffer[14][3]  ; 0                 ; 6       ;
;      - display:framebuffer|framebuffer[14][15] ; 0                 ; 6       ;
;      - display:framebuffer|framebuffer[14][59] ; 0                 ; 6       ;
;      - display:framebuffer|framebuffer[14][55] ; 0                 ; 6       ;
;      - display:framebuffer|framebuffer[14][51] ; 0                 ; 6       ;
;      - display:framebuffer|framebuffer[14][63] ; 0                 ; 6       ;
;      - display:framebuffer|framebuffer[12][42] ; 0                 ; 6       ;
;      - display:framebuffer|framebuffer[12][26] ; 0                 ; 6       ;
;      - display:framebuffer|framebuffer[12][10] ; 0                 ; 6       ;
;      - display:framebuffer|framebuffer[12][58] ; 0                 ; 6       ;
;      - display:framebuffer|framebuffer[12][22] ; 0                 ; 6       ;
;      - display:framebuffer|framebuffer[12][38] ; 0                 ; 6       ;
;      - display:framebuffer|framebuffer[12][6]  ; 0                 ; 6       ;
;      - display:framebuffer|framebuffer[12][54] ; 0                 ; 6       ;
;      - display:framebuffer|framebuffer[12][34] ; 0                 ; 6       ;
;      - display:framebuffer|framebuffer[12][18] ; 0                 ; 6       ;
;      - display:framebuffer|framebuffer[12][2]  ; 0                 ; 6       ;
;      - display:framebuffer|framebuffer[12][50] ; 0                 ; 6       ;
;      - display:framebuffer|framebuffer[12][30] ; 0                 ; 6       ;
;      - display:framebuffer|framebuffer[12][46] ; 0                 ; 6       ;
;      - display:framebuffer|framebuffer[12][14] ; 0                 ; 6       ;
;      - display:framebuffer|framebuffer[12][62] ; 0                 ; 6       ;
;      - display:framebuffer|framebuffer[12][21] ; 0                 ; 6       ;
;      - display:framebuffer|framebuffer[12][37] ; 0                 ; 6       ;
;      - display:framebuffer|framebuffer[12][5]  ; 0                 ; 6       ;
;      - display:framebuffer|framebuffer[12][53] ; 0                 ; 6       ;
;      - display:framebuffer|framebuffer[12][41] ; 0                 ; 6       ;
;      - display:framebuffer|framebuffer[12][25] ; 0                 ; 6       ;
;      - display:framebuffer|framebuffer[12][9]  ; 0                 ; 6       ;
;      - display:framebuffer|framebuffer[12][57] ; 0                 ; 6       ;
;      - display:framebuffer|framebuffer[12][33] ; 0                 ; 6       ;
;      - display:framebuffer|framebuffer[12][17] ; 0                 ; 6       ;
;      - display:framebuffer|framebuffer[12][1]  ; 0                 ; 6       ;
;      - display:framebuffer|framebuffer[12][49] ; 0                 ; 6       ;
;      - display:framebuffer|framebuffer[12][29] ; 0                 ; 6       ;
;      - display:framebuffer|framebuffer[12][45] ; 0                 ; 6       ;
;      - display:framebuffer|framebuffer[12][13] ; 0                 ; 6       ;
;      - display:framebuffer|framebuffer[12][61] ; 0                 ; 6       ;
;      - display:framebuffer|framebuffer[12][40] ; 0                 ; 6       ;
;      - display:framebuffer|framebuffer[12][24] ; 0                 ; 6       ;
;      - display:framebuffer|framebuffer[12][8]  ; 0                 ; 6       ;
;      - display:framebuffer|framebuffer[12][56] ; 0                 ; 6       ;
;      - display:framebuffer|framebuffer[12][20] ; 0                 ; 6       ;
;      - display:framebuffer|framebuffer[12][36] ; 0                 ; 6       ;
;      - display:framebuffer|framebuffer[12][4]  ; 0                 ; 6       ;
;      - display:framebuffer|framebuffer[12][52] ; 0                 ; 6       ;
;      - display:framebuffer|framebuffer[12][32] ; 0                 ; 6       ;
;      - display:framebuffer|framebuffer[12][16] ; 0                 ; 6       ;
;      - display:framebuffer|framebuffer[12][48] ; 0                 ; 6       ;
;      - display:framebuffer|framebuffer[12][28] ; 0                 ; 6       ;
;      - display:framebuffer|framebuffer[12][44] ; 0                 ; 6       ;
;      - display:framebuffer|framebuffer[12][12] ; 0                 ; 6       ;
;      - display:framebuffer|framebuffer[12][60] ; 0                 ; 6       ;
;      - display:framebuffer|framebuffer[12][23] ; 0                 ; 6       ;
;      - display:framebuffer|framebuffer[12][39] ; 0                 ; 6       ;
;      - display:framebuffer|framebuffer[12][7]  ; 0                 ; 6       ;
;      - display:framebuffer|framebuffer[12][55] ; 0                 ; 6       ;
;      - display:framebuffer|framebuffer[12][43] ; 0                 ; 6       ;
;      - display:framebuffer|framebuffer[12][27] ; 0                 ; 6       ;
;      - display:framebuffer|framebuffer[12][11] ; 0                 ; 6       ;
;      - display:framebuffer|framebuffer[12][59] ; 0                 ; 6       ;
;      - display:framebuffer|framebuffer[12][35] ; 0                 ; 6       ;
;      - display:framebuffer|framebuffer[12][19] ; 0                 ; 6       ;
;      - display:framebuffer|framebuffer[12][3]  ; 0                 ; 6       ;
;      - display:framebuffer|framebuffer[12][51] ; 0                 ; 6       ;
;      - display:framebuffer|framebuffer[12][31] ; 0                 ; 6       ;
;      - display:framebuffer|framebuffer[12][47] ; 0                 ; 6       ;
;      - display:framebuffer|framebuffer[12][15] ; 0                 ; 6       ;
;      - display:framebuffer|framebuffer[12][63] ; 0                 ; 6       ;
;      - display:framebuffer|framebuffer[15][37] ; 0                 ; 6       ;
;      - display:framebuffer|framebuffer[15][38] ; 0                 ; 6       ;
;      - display:framebuffer|framebuffer[15][36] ; 0                 ; 6       ;
;      - display:framebuffer|framebuffer[15][39] ; 0                 ; 6       ;
;      - display:framebuffer|framebuffer[15][22] ; 0                 ; 6       ;
;      - display:framebuffer|framebuffer[15][21] ; 0                 ; 6       ;
;      - display:framebuffer|framebuffer[15][20] ; 0                 ; 6       ;
;      - display:framebuffer|framebuffer[15][23] ; 0                 ; 6       ;
;      - display:framebuffer|framebuffer[15][5]  ; 0                 ; 6       ;
;      - display:framebuffer|framebuffer[15][6]  ; 0                 ; 6       ;
;      - display:framebuffer|framebuffer[15][4]  ; 0                 ; 6       ;
;      - display:framebuffer|framebuffer[15][7]  ; 0                 ; 6       ;
;      - display:framebuffer|framebuffer[15][54] ; 0                 ; 6       ;
;      - display:framebuffer|framebuffer[15][53] ; 0                 ; 6       ;
;      - display:framebuffer|framebuffer[15][52] ; 0                 ; 6       ;
;      - display:framebuffer|framebuffer[15][55] ; 0                 ; 6       ;
;      - display:framebuffer|framebuffer[15][41] ; 0                 ; 6       ;
;      - display:framebuffer|framebuffer[15][25] ; 0                 ; 6       ;
;      - display:framebuffer|framebuffer[15][9]  ; 0                 ; 6       ;
;      - display:framebuffer|framebuffer[15][57] ; 0                 ; 6       ;
;      - display:framebuffer|framebuffer[15][26] ; 0                 ; 6       ;
;      - display:framebuffer|framebuffer[15][42] ; 0                 ; 6       ;
;      - display:framebuffer|framebuffer[15][10] ; 0                 ; 6       ;
;      - display:framebuffer|framebuffer[15][58] ; 0                 ; 6       ;
;      - display:framebuffer|framebuffer[15][24] ; 0                 ; 6       ;
;      - display:framebuffer|framebuffer[15][40] ; 0                 ; 6       ;
;      - display:framebuffer|framebuffer[15][8]  ; 0                 ; 6       ;
;      - display:framebuffer|framebuffer[15][56] ; 0                 ; 6       ;
;      - display:framebuffer|framebuffer[15][43] ; 0                 ; 6       ;
;      - display:framebuffer|framebuffer[15][27] ; 0                 ; 6       ;
;      - display:framebuffer|framebuffer[15][11] ; 0                 ; 6       ;
;      - display:framebuffer|framebuffer[15][59] ; 0                 ; 6       ;
;      - display:framebuffer|framebuffer[15][18] ; 0                 ; 6       ;
;      - display:framebuffer|framebuffer[15][17] ; 0                 ; 6       ;
;      - display:framebuffer|framebuffer[15][16] ; 0                 ; 6       ;
;      - display:framebuffer|framebuffer[15][19] ; 0                 ; 6       ;
;      - display:framebuffer|framebuffer[15][33] ; 0                 ; 6       ;
;      - display:framebuffer|framebuffer[15][34] ; 0                 ; 6       ;
;      - display:framebuffer|framebuffer[15][32] ; 0                 ; 6       ;
;      - display:framebuffer|framebuffer[15][35] ; 0                 ; 6       ;
;      - display:framebuffer|framebuffer[15][1]  ; 0                 ; 6       ;
;      - display:framebuffer|framebuffer[15][2]  ; 0                 ; 6       ;
;      - display:framebuffer|framebuffer[15][3]  ; 0                 ; 6       ;
;      - display:framebuffer|framebuffer[15][50] ; 0                 ; 6       ;
;      - display:framebuffer|framebuffer[15][49] ; 0                 ; 6       ;
;      - display:framebuffer|framebuffer[15][48] ; 0                 ; 6       ;
;      - display:framebuffer|framebuffer[15][51] ; 0                 ; 6       ;
;      - display:framebuffer|framebuffer[15][29] ; 0                 ; 6       ;
;      - display:framebuffer|framebuffer[15][30] ; 0                 ; 6       ;
;      - display:framebuffer|framebuffer[15][28] ; 0                 ; 6       ;
;      - display:framebuffer|framebuffer[15][31] ; 0                 ; 6       ;
;      - display:framebuffer|framebuffer[15][46] ; 0                 ; 6       ;
;      - display:framebuffer|framebuffer[15][45] ; 0                 ; 6       ;
;      - display:framebuffer|framebuffer[15][44] ; 0                 ; 6       ;
;      - display:framebuffer|framebuffer[15][47] ; 0                 ; 6       ;
;      - display:framebuffer|framebuffer[15][14] ; 0                 ; 6       ;
;      - display:framebuffer|framebuffer[15][13] ; 0                 ; 6       ;
;      - display:framebuffer|framebuffer[15][12] ; 0                 ; 6       ;
;      - display:framebuffer|framebuffer[15][15] ; 0                 ; 6       ;
;      - display:framebuffer|framebuffer[15][61] ; 0                 ; 6       ;
;      - display:framebuffer|framebuffer[15][62] ; 0                 ; 6       ;
;      - display:framebuffer|framebuffer[15][60] ; 0                 ; 6       ;
;      - display:framebuffer|framebuffer[15][63] ; 0                 ; 6       ;
;      - display:framebuffer|framebuffer[26][26] ; 0                 ; 6       ;
;      - display:framebuffer|framebuffer[22][26] ; 0                 ; 6       ;
;      - display:framebuffer|framebuffer[18][26] ; 0                 ; 6       ;
;      - display:framebuffer|framebuffer[30][26] ; 0                 ; 6       ;
;      - display:framebuffer|framebuffer[22][42] ; 0                 ; 6       ;
;      - display:framebuffer|framebuffer[26][42] ; 0                 ; 6       ;
;      - display:framebuffer|framebuffer[18][42] ; 0                 ; 6       ;
;      - display:framebuffer|framebuffer[30][42] ; 0                 ; 6       ;
;      - display:framebuffer|framebuffer[22][10] ; 0                 ; 6       ;
;      - display:framebuffer|framebuffer[26][10] ; 0                 ; 6       ;
;      - display:framebuffer|framebuffer[18][10] ; 0                 ; 6       ;
;      - display:framebuffer|framebuffer[30][10] ; 0                 ; 6       ;
;      - display:framebuffer|framebuffer[26][58] ; 0                 ; 6       ;
;      - display:framebuffer|framebuffer[22][58] ; 0                 ; 6       ;
;      - display:framebuffer|framebuffer[18][58] ; 0                 ; 6       ;
;      - display:framebuffer|framebuffer[30][58] ; 0                 ; 6       ;
;      - display:framebuffer|framebuffer[26][22] ; 0                 ; 6       ;
;      - display:framebuffer|framebuffer[26][38] ; 0                 ; 6       ;
;      - display:framebuffer|framebuffer[26][6]  ; 0                 ; 6       ;
;      - display:framebuffer|framebuffer[26][54] ; 0                 ; 6       ;
;      - display:framebuffer|framebuffer[22][38] ; 0                 ; 6       ;
;      - display:framebuffer|framebuffer[22][22] ; 0                 ; 6       ;
;      - display:framebuffer|framebuffer[22][6]  ; 0                 ; 6       ;
;      - display:framebuffer|framebuffer[22][54] ; 0                 ; 6       ;
;      - display:framebuffer|framebuffer[18][22] ; 0                 ; 6       ;
;      - display:framebuffer|framebuffer[18][38] ; 0                 ; 6       ;
;      - display:framebuffer|framebuffer[18][6]  ; 0                 ; 6       ;
;      - display:framebuffer|framebuffer[18][54] ; 0                 ; 6       ;
;      - display:framebuffer|framebuffer[30][38] ; 0                 ; 6       ;
;      - display:framebuffer|framebuffer[30][22] ; 0                 ; 6       ;
;      - display:framebuffer|framebuffer[30][6]  ; 0                 ; 6       ;
;      - display:framebuffer|framebuffer[30][54] ; 0                 ; 6       ;
;      - display:framebuffer|framebuffer[26][34] ; 0                 ; 6       ;
;      - display:framebuffer|framebuffer[22][34] ; 0                 ; 6       ;
;      - display:framebuffer|framebuffer[18][34] ; 0                 ; 6       ;
;      - display:framebuffer|framebuffer[30][34] ; 0                 ; 6       ;
;      - display:framebuffer|framebuffer[22][18] ; 0                 ; 6       ;
;      - display:framebuffer|framebuffer[26][18] ; 0                 ; 6       ;
;      - display:framebuffer|framebuffer[18][18] ; 0                 ; 6       ;
;      - display:framebuffer|framebuffer[30][18] ; 0                 ; 6       ;
;      - display:framebuffer|framebuffer[26][2]  ; 0                 ; 6       ;
;      - display:framebuffer|framebuffer[22][2]  ; 0                 ; 6       ;
;      - display:framebuffer|framebuffer[18][2]  ; 0                 ; 6       ;
;      - display:framebuffer|framebuffer[30][2]  ; 0                 ; 6       ;
;      - display:framebuffer|framebuffer[22][50] ; 0                 ; 6       ;
;      - display:framebuffer|framebuffer[26][50] ; 0                 ; 6       ;
;      - display:framebuffer|framebuffer[18][50] ; 0                 ; 6       ;
;      - display:framebuffer|framebuffer[30][50] ; 0                 ; 6       ;
;      - display:framebuffer|framebuffer[22][30] ; 0                 ; 6       ;
;      - display:framebuffer|framebuffer[22][46] ; 0                 ; 6       ;
;      - display:framebuffer|framebuffer[22][14] ; 0                 ; 6       ;
;      - display:framebuffer|framebuffer[22][62] ; 0                 ; 6       ;
;      - display:framebuffer|framebuffer[26][46] ; 0                 ; 6       ;
;      - display:framebuffer|framebuffer[26][30] ; 0                 ; 6       ;
;      - display:framebuffer|framebuffer[26][14] ; 0                 ; 6       ;
;      - display:framebuffer|framebuffer[26][62] ; 0                 ; 6       ;
;      - display:framebuffer|framebuffer[18][46] ; 0                 ; 6       ;
;      - display:framebuffer|framebuffer[18][30] ; 0                 ; 6       ;
;      - display:framebuffer|framebuffer[18][14] ; 0                 ; 6       ;
;      - display:framebuffer|framebuffer[18][62] ; 0                 ; 6       ;
;      - display:framebuffer|framebuffer[30][30] ; 0                 ; 6       ;
;      - display:framebuffer|framebuffer[30][46] ; 0                 ; 6       ;
;      - display:framebuffer|framebuffer[30][14] ; 0                 ; 6       ;
;      - display:framebuffer|framebuffer[30][62] ; 0                 ; 6       ;
;      - display:framebuffer|framebuffer[25][22] ; 0                 ; 6       ;
;      - display:framebuffer|framebuffer[25][38] ; 0                 ; 6       ;
;      - display:framebuffer|framebuffer[25][6]  ; 0                 ; 6       ;
;      - display:framebuffer|framebuffer[25][54] ; 0                 ; 6       ;
;      - display:framebuffer|framebuffer[21][38] ; 0                 ; 6       ;
;      - display:framebuffer|framebuffer[21][22] ; 0                 ; 6       ;
;      - display:framebuffer|framebuffer[21][6]  ; 0                 ; 6       ;
;      - display:framebuffer|framebuffer[21][54] ; 0                 ; 6       ;
;      - display:framebuffer|framebuffer[17][22] ; 0                 ; 6       ;
;      - display:framebuffer|framebuffer[17][38] ; 0                 ; 6       ;
;      - display:framebuffer|framebuffer[17][6]  ; 0                 ; 6       ;
;      - display:framebuffer|framebuffer[17][54] ; 0                 ; 6       ;
;      - display:framebuffer|framebuffer[29][38] ; 0                 ; 6       ;
;      - display:framebuffer|framebuffer[29][22] ; 0                 ; 6       ;
;      - display:framebuffer|framebuffer[29][6]  ; 0                 ; 6       ;
;      - display:framebuffer|framebuffer[29][54] ; 0                 ; 6       ;
;      - display:framebuffer|framebuffer[25][26] ; 0                 ; 6       ;
;      - display:framebuffer|framebuffer[21][26] ; 0                 ; 6       ;
;      - display:framebuffer|framebuffer[17][26] ; 0                 ; 6       ;
;      - display:framebuffer|framebuffer[29][26] ; 0                 ; 6       ;
;      - display:framebuffer|framebuffer[21][42] ; 0                 ; 6       ;
;      - display:framebuffer|framebuffer[25][42] ; 0                 ; 6       ;
;      - display:framebuffer|framebuffer[17][42] ; 0                 ; 6       ;
;      - display:framebuffer|framebuffer[29][42] ; 0                 ; 6       ;
;      - display:framebuffer|framebuffer[21][10] ; 0                 ; 6       ;
;      - display:framebuffer|framebuffer[25][10] ; 0                 ; 6       ;
;      - display:framebuffer|framebuffer[17][10] ; 0                 ; 6       ;
;      - display:framebuffer|framebuffer[29][10] ; 0                 ; 6       ;
;      - display:framebuffer|framebuffer[25][58] ; 0                 ; 6       ;
;      - display:framebuffer|framebuffer[21][58] ; 0                 ; 6       ;
;      - display:framebuffer|framebuffer[17][58] ; 0                 ; 6       ;
;      - display:framebuffer|framebuffer[29][58] ; 0                 ; 6       ;
;      - display:framebuffer|framebuffer[25][34] ; 0                 ; 6       ;
;      - display:framebuffer|framebuffer[21][34] ; 0                 ; 6       ;
;      - display:framebuffer|framebuffer[17][34] ; 0                 ; 6       ;
;      - display:framebuffer|framebuffer[29][34] ; 0                 ; 6       ;
;      - display:framebuffer|framebuffer[21][18] ; 0                 ; 6       ;
;      - display:framebuffer|framebuffer[25][18] ; 0                 ; 6       ;
;      - display:framebuffer|framebuffer[17][18] ; 0                 ; 6       ;
;      - display:framebuffer|framebuffer[29][18] ; 0                 ; 6       ;
;      - display:framebuffer|framebuffer[25][2]  ; 0                 ; 6       ;
;      - display:framebuffer|framebuffer[21][2]  ; 0                 ; 6       ;
;      - display:framebuffer|framebuffer[17][2]  ; 0                 ; 6       ;
;      - display:framebuffer|framebuffer[29][2]  ; 0                 ; 6       ;
;      - display:framebuffer|framebuffer[21][50] ; 0                 ; 6       ;
;      - display:framebuffer|framebuffer[25][50] ; 0                 ; 6       ;
;      - display:framebuffer|framebuffer[17][50] ; 0                 ; 6       ;
;      - display:framebuffer|framebuffer[29][50] ; 0                 ; 6       ;
;      - display:framebuffer|framebuffer[21][30] ; 0                 ; 6       ;
;      - display:framebuffer|framebuffer[21][46] ; 0                 ; 6       ;
;      - display:framebuffer|framebuffer[21][14] ; 0                 ; 6       ;
;      - display:framebuffer|framebuffer[21][62] ; 0                 ; 6       ;
;      - display:framebuffer|framebuffer[25][46] ; 0                 ; 6       ;
;      - display:framebuffer|framebuffer[25][30] ; 0                 ; 6       ;
;      - display:framebuffer|framebuffer[25][14] ; 0                 ; 6       ;
;      - display:framebuffer|framebuffer[25][62] ; 0                 ; 6       ;
;      - display:framebuffer|framebuffer[17][46] ; 0                 ; 6       ;
;      - display:framebuffer|framebuffer[17][30] ; 0                 ; 6       ;
;      - display:framebuffer|framebuffer[17][14] ; 0                 ; 6       ;
;      - display:framebuffer|framebuffer[17][62] ; 0                 ; 6       ;
;      - display:framebuffer|framebuffer[29][30] ; 0                 ; 6       ;
;      - display:framebuffer|framebuffer[29][46] ; 0                 ; 6       ;
;      - display:framebuffer|framebuffer[29][14] ; 0                 ; 6       ;
;      - display:framebuffer|framebuffer[29][62] ; 0                 ; 6       ;
;      - display:framebuffer|framebuffer[24][42] ; 0                 ; 6       ;
;      - display:framebuffer|framebuffer[24][26] ; 0                 ; 6       ;
;      - display:framebuffer|framebuffer[24][10] ; 0                 ; 6       ;
;      - display:framebuffer|framebuffer[24][58] ; 0                 ; 6       ;
;      - display:framebuffer|framebuffer[20][26] ; 0                 ; 6       ;
;      - display:framebuffer|framebuffer[20][42] ; 0                 ; 6       ;
;      - display:framebuffer|framebuffer[20][10] ; 0                 ; 6       ;
;      - display:framebuffer|framebuffer[20][58] ; 0                 ; 6       ;
;      - display:framebuffer|framebuffer[16][42] ; 0                 ; 6       ;
;      - display:framebuffer|framebuffer[16][26] ; 0                 ; 6       ;
;      - display:framebuffer|framebuffer[16][10] ; 0                 ; 6       ;
;      - display:framebuffer|framebuffer[16][58] ; 0                 ; 6       ;
;      - display:framebuffer|framebuffer[28][26] ; 0                 ; 6       ;
;      - display:framebuffer|framebuffer[28][42] ; 0                 ; 6       ;
;      - display:framebuffer|framebuffer[28][10] ; 0                 ; 6       ;
;      - display:framebuffer|framebuffer[28][58] ; 0                 ; 6       ;
;      - display:framebuffer|framebuffer[20][22] ; 0                 ; 6       ;
;      - display:framebuffer|framebuffer[20][38] ; 0                 ; 6       ;
;      - display:framebuffer|framebuffer[20][6]  ; 0                 ; 6       ;
;      - display:framebuffer|framebuffer[20][54] ; 0                 ; 6       ;
;      - display:framebuffer|framebuffer[24][38] ; 0                 ; 6       ;
;      - display:framebuffer|framebuffer[24][22] ; 0                 ; 6       ;
;      - display:framebuffer|framebuffer[24][6]  ; 0                 ; 6       ;
;      - display:framebuffer|framebuffer[24][54] ; 0                 ; 6       ;
;      - display:framebuffer|framebuffer[16][38] ; 0                 ; 6       ;
;      - display:framebuffer|framebuffer[16][22] ; 0                 ; 6       ;
;      - display:framebuffer|framebuffer[16][6]  ; 0                 ; 6       ;
;      - display:framebuffer|framebuffer[16][54] ; 0                 ; 6       ;
;      - display:framebuffer|framebuffer[28][22] ; 0                 ; 6       ;
;      - display:framebuffer|framebuffer[28][38] ; 0                 ; 6       ;
;      - display:framebuffer|framebuffer[28][6]  ; 0                 ; 6       ;
;      - display:framebuffer|framebuffer[28][54] ; 0                 ; 6       ;
;      - display:framebuffer|framebuffer[24][34] ; 0                 ; 6       ;
;      - display:framebuffer|framebuffer[24][18] ; 0                 ; 6       ;
;      - display:framebuffer|framebuffer[24][2]  ; 0                 ; 6       ;
;      - display:framebuffer|framebuffer[24][50] ; 0                 ; 6       ;
;      - display:framebuffer|framebuffer[20][18] ; 0                 ; 6       ;
;      - display:framebuffer|framebuffer[20][34] ; 0                 ; 6       ;
;      - display:framebuffer|framebuffer[20][2]  ; 0                 ; 6       ;
;      - display:framebuffer|framebuffer[20][50] ; 0                 ; 6       ;
;      - display:framebuffer|framebuffer[16][34] ; 0                 ; 6       ;
;      - display:framebuffer|framebuffer[16][18] ; 0                 ; 6       ;
;      - display:framebuffer|framebuffer[16][2]  ; 0                 ; 6       ;
;      - display:framebuffer|framebuffer[16][50] ; 0                 ; 6       ;
;      - display:framebuffer|framebuffer[28][18] ; 0                 ; 6       ;
;      - display:framebuffer|framebuffer[28][34] ; 0                 ; 6       ;
;      - display:framebuffer|framebuffer[28][2]  ; 0                 ; 6       ;
;      - display:framebuffer|framebuffer[28][50] ; 0                 ; 6       ;
;      - display:framebuffer|framebuffer[20][30] ; 0                 ; 6       ;
;      - display:framebuffer|framebuffer[20][46] ; 0                 ; 6       ;
;      - display:framebuffer|framebuffer[20][14] ; 0                 ; 6       ;
;      - display:framebuffer|framebuffer[20][62] ; 0                 ; 6       ;
;      - display:framebuffer|framebuffer[24][46] ; 0                 ; 6       ;
;      - display:framebuffer|framebuffer[24][30] ; 0                 ; 6       ;
;      - display:framebuffer|framebuffer[24][14] ; 0                 ; 6       ;
;      - display:framebuffer|framebuffer[24][62] ; 0                 ; 6       ;
;      - display:framebuffer|framebuffer[16][46] ; 0                 ; 6       ;
;      - display:framebuffer|framebuffer[16][30] ; 0                 ; 6       ;
;      - display:framebuffer|framebuffer[16][14] ; 0                 ; 6       ;
;      - display:framebuffer|framebuffer[16][62] ; 0                 ; 6       ;
;      - display:framebuffer|framebuffer[28][30] ; 0                 ; 6       ;
;      - display:framebuffer|framebuffer[28][46] ; 0                 ; 6       ;
;      - display:framebuffer|framebuffer[28][14] ; 0                 ; 6       ;
;      - display:framebuffer|framebuffer[28][62] ; 0                 ; 6       ;
;      - display:framebuffer|framebuffer[23][22] ; 0                 ; 6       ;
;      - display:framebuffer|framebuffer[23][26] ; 0                 ; 6       ;
;      - display:framebuffer|framebuffer[23][18] ; 0                 ; 6       ;
;      - display:framebuffer|framebuffer[23][30] ; 0                 ; 6       ;
;      - display:framebuffer|framebuffer[27][26] ; 0                 ; 6       ;
;      - display:framebuffer|framebuffer[27][22] ; 0                 ; 6       ;
;      - display:framebuffer|framebuffer[27][18] ; 0                 ; 6       ;
;      - display:framebuffer|framebuffer[27][30] ; 0                 ; 6       ;
;      - display:framebuffer|framebuffer[19][26] ; 0                 ; 6       ;
;      - display:framebuffer|framebuffer[19][22] ; 0                 ; 6       ;
;      - display:framebuffer|framebuffer[19][18] ; 0                 ; 6       ;
;      - display:framebuffer|framebuffer[19][30] ; 0                 ; 6       ;
;      - display:framebuffer|framebuffer[31][22] ; 0                 ; 6       ;
;      - display:framebuffer|framebuffer[31][26] ; 0                 ; 6       ;
;      - display:framebuffer|framebuffer[31][18] ; 0                 ; 6       ;
;      - display:framebuffer|framebuffer[31][30] ; 0                 ; 6       ;
;      - display:framebuffer|framebuffer[27][42] ; 0                 ; 6       ;
;      - display:framebuffer|framebuffer[27][38] ; 0                 ; 6       ;
;      - display:framebuffer|framebuffer[27][34] ; 0                 ; 6       ;
;      - display:framebuffer|framebuffer[27][46] ; 0                 ; 6       ;
;      - display:framebuffer|framebuffer[23][38] ; 0                 ; 6       ;
;      - display:framebuffer|framebuffer[23][42] ; 0                 ; 6       ;
;      - display:framebuffer|framebuffer[23][34] ; 0                 ; 6       ;
;      - display:framebuffer|framebuffer[23][46] ; 0                 ; 6       ;
;      - display:framebuffer|framebuffer[19][42] ; 0                 ; 6       ;
;      - display:framebuffer|framebuffer[19][38] ; 0                 ; 6       ;
;      - display:framebuffer|framebuffer[19][34] ; 0                 ; 6       ;
;      - display:framebuffer|framebuffer[19][46] ; 0                 ; 6       ;
;      - display:framebuffer|framebuffer[31][38] ; 0                 ; 6       ;
;      - display:framebuffer|framebuffer[31][42] ; 0                 ; 6       ;
;      - display:framebuffer|framebuffer[31][34] ; 0                 ; 6       ;
;      - display:framebuffer|framebuffer[31][46] ; 0                 ; 6       ;
;      - display:framebuffer|framebuffer[27][10] ; 0                 ; 6       ;
;      - display:framebuffer|framebuffer[27][6]  ; 0                 ; 6       ;
;      - display:framebuffer|framebuffer[27][2]  ; 0                 ; 6       ;
;      - display:framebuffer|framebuffer[27][14] ; 0                 ; 6       ;
;      - display:framebuffer|framebuffer[23][6]  ; 0                 ; 6       ;
;      - display:framebuffer|framebuffer[23][10] ; 0                 ; 6       ;
;      - display:framebuffer|framebuffer[23][2]  ; 0                 ; 6       ;
;      - display:framebuffer|framebuffer[23][14] ; 0                 ; 6       ;
;      - display:framebuffer|framebuffer[19][10] ; 0                 ; 6       ;
;      - display:framebuffer|framebuffer[19][6]  ; 0                 ; 6       ;
;      - display:framebuffer|framebuffer[19][2]  ; 0                 ; 6       ;
;      - display:framebuffer|framebuffer[19][14] ; 0                 ; 6       ;
;      - display:framebuffer|framebuffer[31][6]  ; 0                 ; 6       ;
;      - display:framebuffer|framebuffer[31][10] ; 0                 ; 6       ;
;      - display:framebuffer|framebuffer[31][2]  ; 0                 ; 6       ;
;      - display:framebuffer|framebuffer[31][14] ; 0                 ; 6       ;
;      - display:framebuffer|framebuffer[23][54] ; 0                 ; 6       ;
;      - display:framebuffer|framebuffer[23][58] ; 0                 ; 6       ;
;      - display:framebuffer|framebuffer[23][50] ; 0                 ; 6       ;
;      - display:framebuffer|framebuffer[23][62] ; 0                 ; 6       ;
;      - display:framebuffer|framebuffer[27][58] ; 0                 ; 6       ;
;      - display:framebuffer|framebuffer[27][54] ; 0                 ; 6       ;
;      - display:framebuffer|framebuffer[27][50] ; 0                 ; 6       ;
;      - display:framebuffer|framebuffer[27][62] ; 0                 ; 6       ;
;      - display:framebuffer|framebuffer[19][58] ; 0                 ; 6       ;
;      - display:framebuffer|framebuffer[19][54] ; 0                 ; 6       ;
;      - display:framebuffer|framebuffer[19][50] ; 0                 ; 6       ;
;      - display:framebuffer|framebuffer[19][62] ; 0                 ; 6       ;
;      - display:framebuffer|framebuffer[31][54] ; 0                 ; 6       ;
;      - display:framebuffer|framebuffer[31][58] ; 0                 ; 6       ;
;      - display:framebuffer|framebuffer[31][50] ; 0                 ; 6       ;
;      - display:framebuffer|framebuffer[31][62] ; 0                 ; 6       ;
;      - display:framebuffer|framebuffer[25][25] ; 0                 ; 6       ;
;      - display:framebuffer|framebuffer[26][25] ; 0                 ; 6       ;
;      - display:framebuffer|framebuffer[24][25] ; 0                 ; 6       ;
;      - display:framebuffer|framebuffer[27][25] ; 0                 ; 6       ;
;      - display:framebuffer|framebuffer[22][25] ; 0                 ; 6       ;
;      - display:framebuffer|framebuffer[21][25] ; 0                 ; 6       ;
;      - display:framebuffer|framebuffer[20][25] ; 0                 ; 6       ;
;      - display:framebuffer|framebuffer[23][25] ; 0                 ; 6       ;
;      - display:framebuffer|framebuffer[17][25] ; 0                 ; 6       ;
;      - display:framebuffer|framebuffer[18][25] ; 0                 ; 6       ;
;      - display:framebuffer|framebuffer[16][25] ; 0                 ; 6       ;
;      - display:framebuffer|framebuffer[19][25] ; 0                 ; 6       ;
;      - display:framebuffer|framebuffer[30][25] ; 0                 ; 6       ;
;      - display:framebuffer|framebuffer[29][25] ; 0                 ; 6       ;
;      - display:framebuffer|framebuffer[28][25] ; 0                 ; 6       ;
;      - display:framebuffer|framebuffer[31][25] ; 0                 ; 6       ;
;      - display:framebuffer|framebuffer[26][21] ; 0                 ; 6       ;
;      - display:framebuffer|framebuffer[22][21] ; 0                 ; 6       ;
;      - display:framebuffer|framebuffer[18][21] ; 0                 ; 6       ;
;      - display:framebuffer|framebuffer[30][21] ; 0                 ; 6       ;
;      - display:framebuffer|framebuffer[21][21] ; 0                 ; 6       ;
;      - display:framebuffer|framebuffer[25][21] ; 0                 ; 6       ;
;      - display:framebuffer|framebuffer[17][21] ; 0                 ; 6       ;
;      - display:framebuffer|framebuffer[29][21] ; 0                 ; 6       ;
;      - display:framebuffer|framebuffer[24][21] ; 0                 ; 6       ;
;      - display:framebuffer|framebuffer[20][21] ; 0                 ; 6       ;
;      - display:framebuffer|framebuffer[16][21] ; 0                 ; 6       ;
;      - display:framebuffer|framebuffer[28][21] ; 0                 ; 6       ;
;      - display:framebuffer|framebuffer[23][21] ; 0                 ; 6       ;
;      - display:framebuffer|framebuffer[27][21] ; 0                 ; 6       ;
;      - display:framebuffer|framebuffer[19][21] ; 0                 ; 6       ;
;      - display:framebuffer|framebuffer[31][21] ; 0                 ; 6       ;
;      - display:framebuffer|framebuffer[21][17] ; 0                 ; 6       ;
;      - display:framebuffer|framebuffer[22][17] ; 0                 ; 6       ;
;      - display:framebuffer|framebuffer[20][17] ; 0                 ; 6       ;
;      - display:framebuffer|framebuffer[23][17] ; 0                 ; 6       ;
;      - display:framebuffer|framebuffer[26][17] ; 0                 ; 6       ;
;      - display:framebuffer|framebuffer[25][17] ; 0                 ; 6       ;
;      - display:framebuffer|framebuffer[24][17] ; 0                 ; 6       ;
;      - display:framebuffer|framebuffer[27][17] ; 0                 ; 6       ;
;      - display:framebuffer|framebuffer[18][17] ; 0                 ; 6       ;
;      - display:framebuffer|framebuffer[17][17] ; 0                 ; 6       ;
;      - display:framebuffer|framebuffer[16][17] ; 0                 ; 6       ;
;      - display:framebuffer|framebuffer[19][17] ; 0                 ; 6       ;
;      - display:framebuffer|framebuffer[29][17] ; 0                 ; 6       ;
;      - display:framebuffer|framebuffer[30][17] ; 0                 ; 6       ;
;      - display:framebuffer|framebuffer[28][17] ; 0                 ; 6       ;
;      - display:framebuffer|framebuffer[31][17] ; 0                 ; 6       ;
;      - display:framebuffer|framebuffer[25][29] ; 0                 ; 6       ;
;      - display:framebuffer|framebuffer[21][29] ; 0                 ; 6       ;
;      - display:framebuffer|framebuffer[17][29] ; 0                 ; 6       ;
;      - display:framebuffer|framebuffer[29][29] ; 0                 ; 6       ;
;      - display:framebuffer|framebuffer[22][29] ; 0                 ; 6       ;
;      - display:framebuffer|framebuffer[26][29] ; 0                 ; 6       ;
;      - display:framebuffer|framebuffer[18][29] ; 0                 ; 6       ;
;      - display:framebuffer|framebuffer[30][29] ; 0                 ; 6       ;
;      - display:framebuffer|framebuffer[20][29] ; 0                 ; 6       ;
;      - display:framebuffer|framebuffer[24][29] ; 0                 ; 6       ;
;      - display:framebuffer|framebuffer[16][29] ; 0                 ; 6       ;
;      - display:framebuffer|framebuffer[28][29] ; 0                 ; 6       ;
;      - display:framebuffer|framebuffer[27][29] ; 0                 ; 6       ;
;      - display:framebuffer|framebuffer[23][29] ; 0                 ; 6       ;
;      - display:framebuffer|framebuffer[19][29] ; 0                 ; 6       ;
;      - display:framebuffer|framebuffer[31][29] ; 0                 ; 6       ;
;      - display:framebuffer|framebuffer[25][37] ; 0                 ; 6       ;
;      - display:framebuffer|framebuffer[25][41] ; 0                 ; 6       ;
;      - display:framebuffer|framebuffer[25][33] ; 0                 ; 6       ;
;      - display:framebuffer|framebuffer[25][45] ; 0                 ; 6       ;
;      - display:framebuffer|framebuffer[21][41] ; 0                 ; 6       ;
;      - display:framebuffer|framebuffer[21][37] ; 0                 ; 6       ;
;      - display:framebuffer|framebuffer[21][33] ; 0                 ; 6       ;
;      - display:framebuffer|framebuffer[21][45] ; 0                 ; 6       ;
;      - display:framebuffer|framebuffer[17][37] ; 0                 ; 6       ;
;      - display:framebuffer|framebuffer[17][41] ; 0                 ; 6       ;
;      - display:framebuffer|framebuffer[17][33] ; 0                 ; 6       ;
;      - display:framebuffer|framebuffer[17][45] ; 0                 ; 6       ;
;      - display:framebuffer|framebuffer[29][41] ; 0                 ; 6       ;
;      - display:framebuffer|framebuffer[29][37] ; 0                 ; 6       ;
;      - display:framebuffer|framebuffer[29][33] ; 0                 ; 6       ;
;      - display:framebuffer|framebuffer[29][45] ; 0                 ; 6       ;
;      - display:framebuffer|framebuffer[26][37] ; 0                 ; 6       ;
;      - display:framebuffer|framebuffer[22][37] ; 0                 ; 6       ;
;      - display:framebuffer|framebuffer[18][37] ; 0                 ; 6       ;
;      - display:framebuffer|framebuffer[30][37] ; 0                 ; 6       ;
;      - display:framebuffer|framebuffer[22][41] ; 0                 ; 6       ;
;      - display:framebuffer|framebuffer[26][41] ; 0                 ; 6       ;
;      - display:framebuffer|framebuffer[18][41] ; 0                 ; 6       ;
;      - display:framebuffer|framebuffer[30][41] ; 0                 ; 6       ;
;      - display:framebuffer|framebuffer[22][33] ; 0                 ; 6       ;
;      - display:framebuffer|framebuffer[26][33] ; 0                 ; 6       ;
;      - display:framebuffer|framebuffer[18][33] ; 0                 ; 6       ;
;      - display:framebuffer|framebuffer[30][33] ; 0                 ; 6       ;
;      - display:framebuffer|framebuffer[26][45] ; 0                 ; 6       ;
;      - display:framebuffer|framebuffer[22][45] ; 0                 ; 6       ;
;      - display:framebuffer|framebuffer[18][45] ; 0                 ; 6       ;
;      - display:framebuffer|framebuffer[30][45] ; 0                 ; 6       ;
;      - display:framebuffer|framebuffer[20][41] ; 0                 ; 6       ;
;      - display:framebuffer|framebuffer[20][37] ; 0                 ; 6       ;
;      - display:framebuffer|framebuffer[20][33] ; 0                 ; 6       ;
;      - display:framebuffer|framebuffer[20][45] ; 0                 ; 6       ;
;      - display:framebuffer|framebuffer[24][37] ; 0                 ; 6       ;
;      - display:framebuffer|framebuffer[24][41] ; 0                 ; 6       ;
;      - display:framebuffer|framebuffer[24][33] ; 0                 ; 6       ;
;      - display:framebuffer|framebuffer[24][45] ; 0                 ; 6       ;
;      - display:framebuffer|framebuffer[16][37] ; 0                 ; 6       ;
;      - display:framebuffer|framebuffer[16][41] ; 0                 ; 6       ;
;      - display:framebuffer|framebuffer[16][33] ; 0                 ; 6       ;
;      - display:framebuffer|framebuffer[16][45] ; 0                 ; 6       ;
;      - display:framebuffer|framebuffer[28][41] ; 0                 ; 6       ;
;      - display:framebuffer|framebuffer[28][37] ; 0                 ; 6       ;
;      - display:framebuffer|framebuffer[28][33] ; 0                 ; 6       ;
;      - display:framebuffer|framebuffer[28][45] ; 0                 ; 6       ;
;      - display:framebuffer|framebuffer[23][37] ; 0                 ; 6       ;
;      - display:framebuffer|framebuffer[23][41] ; 0                 ; 6       ;
;      - display:framebuffer|framebuffer[23][33] ; 0                 ; 6       ;
;      - display:framebuffer|framebuffer[23][45] ; 0                 ; 6       ;
;      - display:framebuffer|framebuffer[27][41] ; 0                 ; 6       ;
;      - display:framebuffer|framebuffer[27][37] ; 0                 ; 6       ;
;      - display:framebuffer|framebuffer[27][33] ; 0                 ; 6       ;
;      - display:framebuffer|framebuffer[27][45] ; 0                 ; 6       ;
;      - display:framebuffer|framebuffer[19][41] ; 0                 ; 6       ;
;      - display:framebuffer|framebuffer[19][37] ; 0                 ; 6       ;
;      - display:framebuffer|framebuffer[19][33] ; 0                 ; 6       ;
;      - display:framebuffer|framebuffer[19][45] ; 0                 ; 6       ;
;      - display:framebuffer|framebuffer[31][37] ; 0                 ; 6       ;
;      - display:framebuffer|framebuffer[31][41] ; 0                 ; 6       ;
;      - display:framebuffer|framebuffer[31][33] ; 0                 ; 6       ;
;      - display:framebuffer|framebuffer[31][45] ; 0                 ; 6       ;
;      - display:framebuffer|framebuffer[26][5]  ; 0                 ; 6       ;
;      - display:framebuffer|framebuffer[22][5]  ; 0                 ; 6       ;
;      - display:framebuffer|framebuffer[18][5]  ; 0                 ; 6       ;
;      - display:framebuffer|framebuffer[30][5]  ; 0                 ; 6       ;
;      - display:framebuffer|framebuffer[22][9]  ; 0                 ; 6       ;
;      - display:framebuffer|framebuffer[26][9]  ; 0                 ; 6       ;
;      - display:framebuffer|framebuffer[18][9]  ; 0                 ; 6       ;
;      - display:framebuffer|framebuffer[30][9]  ; 0                 ; 6       ;
;      - display:framebuffer|framebuffer[22][1]  ; 0                 ; 6       ;
;      - display:framebuffer|framebuffer[26][1]  ; 0                 ; 6       ;
;      - display:framebuffer|framebuffer[18][1]  ; 0                 ; 6       ;
;      - display:framebuffer|framebuffer[30][1]  ; 0                 ; 6       ;
;      - display:framebuffer|framebuffer[26][13] ; 0                 ; 6       ;
;      - display:framebuffer|framebuffer[22][13] ; 0                 ; 6       ;
;      - display:framebuffer|framebuffer[18][13] ; 0                 ; 6       ;
;      - display:framebuffer|framebuffer[30][13] ; 0                 ; 6       ;
;      - display:framebuffer|framebuffer[21][9]  ; 0                 ; 6       ;
;      - display:framebuffer|framebuffer[25][9]  ; 0                 ; 6       ;
;      - display:framebuffer|framebuffer[17][9]  ; 0                 ; 6       ;
;      - display:framebuffer|framebuffer[29][9]  ; 0                 ; 6       ;
;      - display:framebuffer|framebuffer[25][5]  ; 0                 ; 6       ;
;      - display:framebuffer|framebuffer[21][5]  ; 0                 ; 6       ;
;      - display:framebuffer|framebuffer[17][5]  ; 0                 ; 6       ;
;      - display:framebuffer|framebuffer[29][5]  ; 0                 ; 6       ;
;      - display:framebuffer|framebuffer[21][1]  ; 0                 ; 6       ;
;      - display:framebuffer|framebuffer[25][1]  ; 0                 ; 6       ;
;      - display:framebuffer|framebuffer[17][1]  ; 0                 ; 6       ;
;      - display:framebuffer|framebuffer[29][1]  ; 0                 ; 6       ;
;      - display:framebuffer|framebuffer[25][13] ; 0                 ; 6       ;
;      - display:framebuffer|framebuffer[21][13] ; 0                 ; 6       ;
;      - display:framebuffer|framebuffer[17][13] ; 0                 ; 6       ;
;      - display:framebuffer|framebuffer[29][13] ; 0                 ; 6       ;
;      - display:framebuffer|framebuffer[24][5]  ; 0                 ; 6       ;
;      - display:framebuffer|framebuffer[20][5]  ; 0                 ; 6       ;
;      - display:framebuffer|framebuffer[16][5]  ; 0                 ; 6       ;
;      - display:framebuffer|framebuffer[28][5]  ; 0                 ; 6       ;
;      - display:framebuffer|framebuffer[20][9]  ; 0                 ; 6       ;
;      - display:framebuffer|framebuffer[24][9]  ; 0                 ; 6       ;
;      - display:framebuffer|framebuffer[16][9]  ; 0                 ; 6       ;
;      - display:framebuffer|framebuffer[28][9]  ; 0                 ; 6       ;
;      - display:framebuffer|framebuffer[20][1]  ; 0                 ; 6       ;
;      - display:framebuffer|framebuffer[24][1]  ; 0                 ; 6       ;
;      - display:framebuffer|framebuffer[16][1]  ; 0                 ; 6       ;
;      - display:framebuffer|framebuffer[28][1]  ; 0                 ; 6       ;
;      - display:framebuffer|framebuffer[24][13] ; 0                 ; 6       ;
;      - display:framebuffer|framebuffer[20][13] ; 0                 ; 6       ;
;      - display:framebuffer|framebuffer[16][13] ; 0                 ; 6       ;
;      - display:framebuffer|framebuffer[28][13] ; 0                 ; 6       ;
;      - display:framebuffer|framebuffer[23][9]  ; 0                 ; 6       ;
;      - display:framebuffer|framebuffer[27][9]  ; 0                 ; 6       ;
;      - display:framebuffer|framebuffer[19][9]  ; 0                 ; 6       ;
;      - display:framebuffer|framebuffer[31][9]  ; 0                 ; 6       ;
;      - display:framebuffer|framebuffer[27][5]  ; 0                 ; 6       ;
;      - display:framebuffer|framebuffer[23][5]  ; 0                 ; 6       ;
;      - display:framebuffer|framebuffer[19][5]  ; 0                 ; 6       ;
;      - display:framebuffer|framebuffer[31][5]  ; 0                 ; 6       ;
;      - display:framebuffer|framebuffer[23][1]  ; 0                 ; 6       ;
;      - display:framebuffer|framebuffer[27][1]  ; 0                 ; 6       ;
;      - display:framebuffer|framebuffer[19][1]  ; 0                 ; 6       ;
;      - display:framebuffer|framebuffer[31][1]  ; 0                 ; 6       ;
;      - display:framebuffer|framebuffer[27][13] ; 0                 ; 6       ;
;      - display:framebuffer|framebuffer[23][13] ; 0                 ; 6       ;
;      - display:framebuffer|framebuffer[19][13] ; 0                 ; 6       ;
;      - display:framebuffer|framebuffer[31][13] ; 0                 ; 6       ;
;      - display:framebuffer|framebuffer[21][53] ; 0                 ; 6       ;
;      - display:framebuffer|framebuffer[22][53] ; 0                 ; 6       ;
;      - display:framebuffer|framebuffer[20][53] ; 0                 ; 6       ;
;      - display:framebuffer|framebuffer[23][53] ; 0                 ; 6       ;
;      - display:framebuffer|framebuffer[26][53] ; 0                 ; 6       ;
;      - display:framebuffer|framebuffer[25][53] ; 0                 ; 6       ;
;      - display:framebuffer|framebuffer[24][53] ; 0                 ; 6       ;
;      - display:framebuffer|framebuffer[27][53] ; 0                 ; 6       ;
;      - display:framebuffer|framebuffer[18][53] ; 0                 ; 6       ;
;      - display:framebuffer|framebuffer[17][53] ; 0                 ; 6       ;
;      - display:framebuffer|framebuffer[16][53] ; 0                 ; 6       ;
;      - display:framebuffer|framebuffer[19][53] ; 0                 ; 6       ;
;      - display:framebuffer|framebuffer[29][53] ; 0                 ; 6       ;
;      - display:framebuffer|framebuffer[30][53] ; 0                 ; 6       ;
;      - display:framebuffer|framebuffer[28][53] ; 0                 ; 6       ;
;      - display:framebuffer|framebuffer[31][53] ; 0                 ; 6       ;
;      - display:framebuffer|framebuffer[26][57] ; 0                 ; 6       ;
;      - display:framebuffer|framebuffer[25][57] ; 0                 ; 6       ;
;      - display:framebuffer|framebuffer[24][57] ; 0                 ; 6       ;
;      - display:framebuffer|framebuffer[27][57] ; 0                 ; 6       ;
;      - display:framebuffer|framebuffer[21][57] ; 0                 ; 6       ;
;      - display:framebuffer|framebuffer[22][57] ; 0                 ; 6       ;
;      - display:framebuffer|framebuffer[20][57] ; 0                 ; 6       ;
;      - display:framebuffer|framebuffer[23][57] ; 0                 ; 6       ;
;      - display:framebuffer|framebuffer[18][57] ; 0                 ; 6       ;
;      - display:framebuffer|framebuffer[17][57] ; 0                 ; 6       ;
;      - display:framebuffer|framebuffer[16][57] ; 0                 ; 6       ;
;      - display:framebuffer|framebuffer[19][57] ; 0                 ; 6       ;
;      - display:framebuffer|framebuffer[29][57] ; 0                 ; 6       ;
;      - display:framebuffer|framebuffer[30][57] ; 0                 ; 6       ;
;      - display:framebuffer|framebuffer[28][57] ; 0                 ; 6       ;
;      - display:framebuffer|framebuffer[31][57] ; 0                 ; 6       ;
;      - display:framebuffer|framebuffer[26][49] ; 0                 ; 6       ;
;      - display:framebuffer|framebuffer[25][49] ; 0                 ; 6       ;
;      - display:framebuffer|framebuffer[24][49] ; 0                 ; 6       ;
;      - display:framebuffer|framebuffer[27][49] ; 0                 ; 6       ;
;      - display:framebuffer|framebuffer[21][49] ; 0                 ; 6       ;
;      - display:framebuffer|framebuffer[22][49] ; 0                 ; 6       ;
;      - display:framebuffer|framebuffer[20][49] ; 0                 ; 6       ;
;      - display:framebuffer|framebuffer[23][49] ; 0                 ; 6       ;
;      - display:framebuffer|framebuffer[18][49] ; 0                 ; 6       ;
;      - display:framebuffer|framebuffer[17][49] ; 0                 ; 6       ;
;      - display:framebuffer|framebuffer[16][49] ; 0                 ; 6       ;
;      - display:framebuffer|framebuffer[19][49] ; 0                 ; 6       ;
;      - display:framebuffer|framebuffer[29][49] ; 0                 ; 6       ;
;      - display:framebuffer|framebuffer[30][49] ; 0                 ; 6       ;
;      - display:framebuffer|framebuffer[28][49] ; 0                 ; 6       ;
;      - display:framebuffer|framebuffer[31][49] ; 0                 ; 6       ;
;      - display:framebuffer|framebuffer[21][61] ; 0                 ; 6       ;
;      - display:framebuffer|framebuffer[22][61] ; 0                 ; 6       ;
;      - display:framebuffer|framebuffer[20][61] ; 0                 ; 6       ;
;      - display:framebuffer|framebuffer[23][61] ; 0                 ; 6       ;
;      - display:framebuffer|framebuffer[26][61] ; 0                 ; 6       ;
;      - display:framebuffer|framebuffer[25][61] ; 0                 ; 6       ;
;      - display:framebuffer|framebuffer[24][61] ; 0                 ; 6       ;
;      - display:framebuffer|framebuffer[27][61] ; 0                 ; 6       ;
;      - display:framebuffer|framebuffer[18][61] ; 0                 ; 6       ;
;      - display:framebuffer|framebuffer[17][61] ; 0                 ; 6       ;
;      - display:framebuffer|framebuffer[16][61] ; 0                 ; 6       ;
;      - display:framebuffer|framebuffer[19][61] ; 0                 ; 6       ;
;      - display:framebuffer|framebuffer[29][61] ; 0                 ; 6       ;
;      - display:framebuffer|framebuffer[30][61] ; 0                 ; 6       ;
;      - display:framebuffer|framebuffer[28][61] ; 0                 ; 6       ;
;      - display:framebuffer|framebuffer[31][61] ; 0                 ; 6       ;
;      - display:framebuffer|framebuffer[25][20] ; 0                 ; 6       ;
;      - display:framebuffer|framebuffer[21][20] ; 0                 ; 6       ;
;      - display:framebuffer|framebuffer[17][20] ; 0                 ; 6       ;
;      - display:framebuffer|framebuffer[29][20] ; 0                 ; 6       ;
;      - display:framebuffer|framebuffer[22][20] ; 0                 ; 6       ;
;      - display:framebuffer|framebuffer[26][20] ; 0                 ; 6       ;
;      - display:framebuffer|framebuffer[18][20] ; 0                 ; 6       ;
;      - display:framebuffer|framebuffer[30][20] ; 0                 ; 6       ;
;      - display:framebuffer|framebuffer[20][20] ; 0                 ; 6       ;
;      - display:framebuffer|framebuffer[24][20] ; 0                 ; 6       ;
;      - display:framebuffer|framebuffer[16][20] ; 0                 ; 6       ;
;      - display:framebuffer|framebuffer[28][20] ; 0                 ; 6       ;
;      - display:framebuffer|framebuffer[27][20] ; 0                 ; 6       ;
;      - display:framebuffer|framebuffer[23][20] ; 0                 ; 6       ;
;      - display:framebuffer|framebuffer[19][20] ; 0                 ; 6       ;
;      - display:framebuffer|framebuffer[31][20] ; 0                 ; 6       ;
;      - display:framebuffer|framebuffer[22][36] ; 0                 ; 6       ;
;      - display:framebuffer|framebuffer[26][36] ; 0                 ; 6       ;
;      - display:framebuffer|framebuffer[18][36] ; 0                 ; 6       ;
;      - display:framebuffer|framebuffer[30][36] ; 0                 ; 6       ;
;      - display:framebuffer|framebuffer[25][36] ; 0                 ; 6       ;
;      - display:framebuffer|framebuffer[21][36] ; 0                 ; 6       ;
;      - display:framebuffer|framebuffer[17][36] ; 0                 ; 6       ;
;      - display:framebuffer|framebuffer[29][36] ; 0                 ; 6       ;
;      - display:framebuffer|framebuffer[20][36] ; 0                 ; 6       ;
;      - display:framebuffer|framebuffer[24][36] ; 0                 ; 6       ;
;      - display:framebuffer|framebuffer[16][36] ; 0                 ; 6       ;
;      - display:framebuffer|framebuffer[28][36] ; 0                 ; 6       ;
;      - display:framebuffer|framebuffer[27][36] ; 0                 ; 6       ;
;      - display:framebuffer|framebuffer[23][36] ; 0                 ; 6       ;
;      - display:framebuffer|framebuffer[19][36] ; 0                 ; 6       ;
;      - display:framebuffer|framebuffer[31][36] ; 0                 ; 6       ;
;      - display:framebuffer|framebuffer[22][4]  ; 0                 ; 6       ;
;      - display:framebuffer|framebuffer[26][4]  ; 0                 ; 6       ;
;      - display:framebuffer|framebuffer[18][4]  ; 0                 ; 6       ;
;      - display:framebuffer|framebuffer[30][4]  ; 0                 ; 6       ;
;      - display:framebuffer|framebuffer[25][4]  ; 0                 ; 6       ;
;      - display:framebuffer|framebuffer[21][4]  ; 0                 ; 6       ;
;      - display:framebuffer|framebuffer[17][4]  ; 0                 ; 6       ;
;      - display:framebuffer|framebuffer[29][4]  ; 0                 ; 6       ;
;      - display:framebuffer|framebuffer[20][4]  ; 0                 ; 6       ;
;      - display:framebuffer|framebuffer[24][4]  ; 0                 ; 6       ;
;      - display:framebuffer|framebuffer[16][4]  ; 0                 ; 6       ;
;      - display:framebuffer|framebuffer[28][4]  ; 0                 ; 6       ;
;      - display:framebuffer|framebuffer[27][4]  ; 0                 ; 6       ;
;      - display:framebuffer|framebuffer[23][4]  ; 0                 ; 6       ;
;      - display:framebuffer|framebuffer[19][4]  ; 0                 ; 6       ;
;      - display:framebuffer|framebuffer[31][4]  ; 0                 ; 6       ;
;      - display:framebuffer|framebuffer[25][52] ; 0                 ; 6       ;
;      - display:framebuffer|framebuffer[21][52] ; 0                 ; 6       ;
;      - display:framebuffer|framebuffer[17][52] ; 0                 ; 6       ;
;      - display:framebuffer|framebuffer[29][52] ; 0                 ; 6       ;
;      - display:framebuffer|framebuffer[22][52] ; 0                 ; 6       ;
;      - display:framebuffer|framebuffer[26][52] ; 0                 ; 6       ;
;      - display:framebuffer|framebuffer[18][52] ; 0                 ; 6       ;
;      - display:framebuffer|framebuffer[30][52] ; 0                 ; 6       ;
;      - display:framebuffer|framebuffer[20][52] ; 0                 ; 6       ;
;      - display:framebuffer|framebuffer[24][52] ; 0                 ; 6       ;
;      - display:framebuffer|framebuffer[16][52] ; 0                 ; 6       ;
;      - display:framebuffer|framebuffer[28][52] ; 0                 ; 6       ;
;      - display:framebuffer|framebuffer[27][52] ; 0                 ; 6       ;
;      - display:framebuffer|framebuffer[23][52] ; 0                 ; 6       ;
;      - display:framebuffer|framebuffer[19][52] ; 0                 ; 6       ;
;      - display:framebuffer|framebuffer[31][52] ; 0                 ; 6       ;
;      - display:framebuffer|framebuffer[22][40] ; 0                 ; 6       ;
;      - display:framebuffer|framebuffer[26][40] ; 0                 ; 6       ;
;      - display:framebuffer|framebuffer[18][40] ; 0                 ; 6       ;
;      - display:framebuffer|framebuffer[30][40] ; 0                 ; 6       ;
;      - display:framebuffer|framebuffer[25][40] ; 0                 ; 6       ;
;      - display:framebuffer|framebuffer[21][40] ; 0                 ; 6       ;
;      - display:framebuffer|framebuffer[17][40] ; 0                 ; 6       ;
;      - display:framebuffer|framebuffer[29][40] ; 0                 ; 6       ;
;      - display:framebuffer|framebuffer[20][40] ; 0                 ; 6       ;
;      - display:framebuffer|framebuffer[24][40] ; 0                 ; 6       ;
;      - display:framebuffer|framebuffer[16][40] ; 0                 ; 6       ;
;      - display:framebuffer|framebuffer[28][40] ; 0                 ; 6       ;
;      - display:framebuffer|framebuffer[27][40] ; 0                 ; 6       ;
;      - display:framebuffer|framebuffer[23][40] ; 0                 ; 6       ;
;      - display:framebuffer|framebuffer[19][40] ; 0                 ; 6       ;
;      - display:framebuffer|framebuffer[31][40] ; 0                 ; 6       ;
;      - display:framebuffer|framebuffer[25][24] ; 0                 ; 6       ;
;      - display:framebuffer|framebuffer[21][24] ; 0                 ; 6       ;
;      - display:framebuffer|framebuffer[17][24] ; 0                 ; 6       ;
;      - display:framebuffer|framebuffer[29][24] ; 0                 ; 6       ;
;      - display:framebuffer|framebuffer[22][24] ; 0                 ; 6       ;
;      - display:framebuffer|framebuffer[26][24] ; 0                 ; 6       ;
;      - display:framebuffer|framebuffer[18][24] ; 0                 ; 6       ;
;      - display:framebuffer|framebuffer[30][24] ; 0                 ; 6       ;
;      - display:framebuffer|framebuffer[20][24] ; 0                 ; 6       ;
;      - display:framebuffer|framebuffer[24][24] ; 0                 ; 6       ;
;      - display:framebuffer|framebuffer[16][24] ; 0                 ; 6       ;
;      - display:framebuffer|framebuffer[28][24] ; 0                 ; 6       ;
;      - display:framebuffer|framebuffer[27][24] ; 0                 ; 6       ;
;      - display:framebuffer|framebuffer[23][24] ; 0                 ; 6       ;
;      - display:framebuffer|framebuffer[19][24] ; 0                 ; 6       ;
;      - display:framebuffer|framebuffer[31][24] ; 0                 ; 6       ;
;      - display:framebuffer|framebuffer[22][8]  ; 0                 ; 6       ;
;      - display:framebuffer|framebuffer[26][8]  ; 0                 ; 6       ;
;      - display:framebuffer|framebuffer[18][8]  ; 0                 ; 6       ;
;      - display:framebuffer|framebuffer[30][8]  ; 0                 ; 6       ;
;      - display:framebuffer|framebuffer[25][8]  ; 0                 ; 6       ;
;      - display:framebuffer|framebuffer[21][8]  ; 0                 ; 6       ;
;      - display:framebuffer|framebuffer[17][8]  ; 0                 ; 6       ;
;      - display:framebuffer|framebuffer[29][8]  ; 0                 ; 6       ;
;      - display:framebuffer|framebuffer[20][8]  ; 0                 ; 6       ;
;      - display:framebuffer|framebuffer[24][8]  ; 0                 ; 6       ;
;      - display:framebuffer|framebuffer[16][8]  ; 0                 ; 6       ;
;      - display:framebuffer|framebuffer[28][8]  ; 0                 ; 6       ;
;      - display:framebuffer|framebuffer[27][8]  ; 0                 ; 6       ;
;      - display:framebuffer|framebuffer[23][8]  ; 0                 ; 6       ;
;      - display:framebuffer|framebuffer[19][8]  ; 0                 ; 6       ;
;      - display:framebuffer|framebuffer[31][8]  ; 0                 ; 6       ;
;      - display:framebuffer|framebuffer[25][56] ; 0                 ; 6       ;
;      - display:framebuffer|framebuffer[21][56] ; 0                 ; 6       ;
;      - display:framebuffer|framebuffer[17][56] ; 0                 ; 6       ;
;      - display:framebuffer|framebuffer[29][56] ; 0                 ; 6       ;
;      - display:framebuffer|framebuffer[22][56] ; 0                 ; 6       ;
;      - display:framebuffer|framebuffer[26][56] ; 0                 ; 6       ;
;      - display:framebuffer|framebuffer[18][56] ; 0                 ; 6       ;
;      - display:framebuffer|framebuffer[30][56] ; 0                 ; 6       ;
;      - display:framebuffer|framebuffer[20][56] ; 0                 ; 6       ;
;      - display:framebuffer|framebuffer[24][56] ; 0                 ; 6       ;
;      - display:framebuffer|framebuffer[16][56] ; 0                 ; 6       ;
;      - display:framebuffer|framebuffer[28][56] ; 0                 ; 6       ;
;      - display:framebuffer|framebuffer[27][56] ; 0                 ; 6       ;
;      - display:framebuffer|framebuffer[23][56] ; 0                 ; 6       ;
;      - display:framebuffer|framebuffer[19][56] ; 0                 ; 6       ;
;      - display:framebuffer|framebuffer[31][56] ; 0                 ; 6       ;
;      - display:framebuffer|framebuffer[22][32] ; 0                 ; 6       ;
;      - display:framebuffer|framebuffer[26][32] ; 0                 ; 6       ;
;      - display:framebuffer|framebuffer[18][32] ; 0                 ; 6       ;
;      - display:framebuffer|framebuffer[30][32] ; 0                 ; 6       ;
;      - display:framebuffer|framebuffer[25][32] ; 0                 ; 6       ;
;      - display:framebuffer|framebuffer[21][32] ; 0                 ; 6       ;
;      - display:framebuffer|framebuffer[17][32] ; 0                 ; 6       ;
;      - display:framebuffer|framebuffer[29][32] ; 0                 ; 6       ;
;      - display:framebuffer|framebuffer[20][32] ; 0                 ; 6       ;
;      - display:framebuffer|framebuffer[24][32] ; 0                 ; 6       ;
;      - display:framebuffer|framebuffer[16][32] ; 0                 ; 6       ;
;      - display:framebuffer|framebuffer[28][32] ; 0                 ; 6       ;
;      - display:framebuffer|framebuffer[27][32] ; 0                 ; 6       ;
;      - display:framebuffer|framebuffer[23][32] ; 0                 ; 6       ;
;      - display:framebuffer|framebuffer[19][32] ; 0                 ; 6       ;
;      - display:framebuffer|framebuffer[31][32] ; 0                 ; 6       ;
;      - display:framebuffer|framebuffer[25][16] ; 0                 ; 6       ;
;      - display:framebuffer|framebuffer[21][16] ; 0                 ; 6       ;
;      - display:framebuffer|framebuffer[17][16] ; 0                 ; 6       ;
;      - display:framebuffer|framebuffer[29][16] ; 0                 ; 6       ;
;      - display:framebuffer|framebuffer[22][16] ; 0                 ; 6       ;
;      - display:framebuffer|framebuffer[26][16] ; 0                 ; 6       ;
;      - display:framebuffer|framebuffer[18][16] ; 0                 ; 6       ;
;      - display:framebuffer|framebuffer[30][16] ; 0                 ; 6       ;
;      - display:framebuffer|framebuffer[20][16] ; 0                 ; 6       ;
;      - display:framebuffer|framebuffer[24][16] ; 0                 ; 6       ;
;      - display:framebuffer|framebuffer[16][16] ; 0                 ; 6       ;
;      - display:framebuffer|framebuffer[28][16] ; 0                 ; 6       ;
;      - display:framebuffer|framebuffer[27][16] ; 0                 ; 6       ;
;      - display:framebuffer|framebuffer[23][16] ; 0                 ; 6       ;
;      - display:framebuffer|framebuffer[19][16] ; 0                 ; 6       ;
;      - display:framebuffer|framebuffer[31][16] ; 0                 ; 6       ;
;      - display:framebuffer|framebuffer[25][48] ; 0                 ; 6       ;
;      - display:framebuffer|framebuffer[21][48] ; 0                 ; 6       ;
;      - display:framebuffer|framebuffer[17][48] ; 0                 ; 6       ;
;      - display:framebuffer|framebuffer[29][48] ; 0                 ; 6       ;
;      - display:framebuffer|framebuffer[22][48] ; 0                 ; 6       ;
;      - display:framebuffer|framebuffer[26][48] ; 0                 ; 6       ;
;      - display:framebuffer|framebuffer[18][48] ; 0                 ; 6       ;
;      - display:framebuffer|framebuffer[30][48] ; 0                 ; 6       ;
;      - display:framebuffer|framebuffer[20][48] ; 0                 ; 6       ;
;      - display:framebuffer|framebuffer[24][48] ; 0                 ; 6       ;
;      - display:framebuffer|framebuffer[16][48] ; 0                 ; 6       ;
;      - display:framebuffer|framebuffer[28][48] ; 0                 ; 6       ;
;      - display:framebuffer|framebuffer[27][48] ; 0                 ; 6       ;
;      - display:framebuffer|framebuffer[23][48] ; 0                 ; 6       ;
;      - display:framebuffer|framebuffer[19][48] ; 0                 ; 6       ;
;      - display:framebuffer|framebuffer[31][48] ; 0                 ; 6       ;
;      - display:framebuffer|framebuffer[25][28] ; 0                 ; 6       ;
;      - display:framebuffer|framebuffer[21][28] ; 0                 ; 6       ;
;      - display:framebuffer|framebuffer[17][28] ; 0                 ; 6       ;
;      - display:framebuffer|framebuffer[29][28] ; 0                 ; 6       ;
;      - display:framebuffer|framebuffer[21][44] ; 0                 ; 6       ;
;      - display:framebuffer|framebuffer[25][44] ; 0                 ; 6       ;
;      - display:framebuffer|framebuffer[17][44] ; 0                 ; 6       ;
;      - display:framebuffer|framebuffer[29][44] ; 0                 ; 6       ;
;      - display:framebuffer|framebuffer[21][12] ; 0                 ; 6       ;
;      - display:framebuffer|framebuffer[25][12] ; 0                 ; 6       ;
;      - display:framebuffer|framebuffer[17][12] ; 0                 ; 6       ;
;      - display:framebuffer|framebuffer[29][12] ; 0                 ; 6       ;
;      - display:framebuffer|framebuffer[25][60] ; 0                 ; 6       ;
;      - display:framebuffer|framebuffer[21][60] ; 0                 ; 6       ;
;      - display:framebuffer|framebuffer[17][60] ; 0                 ; 6       ;
;      - display:framebuffer|framebuffer[29][60] ; 0                 ; 6       ;
;      - display:framebuffer|framebuffer[22][44] ; 0                 ; 6       ;
;      - display:framebuffer|framebuffer[26][44] ; 0                 ; 6       ;
;      - display:framebuffer|framebuffer[18][44] ; 0                 ; 6       ;
;      - display:framebuffer|framebuffer[30][44] ; 0                 ; 6       ;
;      - display:framebuffer|framebuffer[26][28] ; 0                 ; 6       ;
;      - display:framebuffer|framebuffer[22][28] ; 0                 ; 6       ;
;      - display:framebuffer|framebuffer[18][28] ; 0                 ; 6       ;
;      - display:framebuffer|framebuffer[30][28] ; 0                 ; 6       ;
;      - display:framebuffer|framebuffer[22][12] ; 0                 ; 6       ;
;      - display:framebuffer|framebuffer[26][12] ; 0                 ; 6       ;
;      - display:framebuffer|framebuffer[18][12] ; 0                 ; 6       ;
;      - display:framebuffer|framebuffer[30][12] ; 0                 ; 6       ;
;      - display:framebuffer|framebuffer[26][60] ; 0                 ; 6       ;
;      - display:framebuffer|framebuffer[22][60] ; 0                 ; 6       ;
;      - display:framebuffer|framebuffer[18][60] ; 0                 ; 6       ;
;      - display:framebuffer|framebuffer[30][60] ; 0                 ; 6       ;
;      - display:framebuffer|framebuffer[20][44] ; 0                 ; 6       ;
;      - display:framebuffer|framebuffer[24][44] ; 0                 ; 6       ;
;      - display:framebuffer|framebuffer[16][44] ; 0                 ; 6       ;
;      - display:framebuffer|framebuffer[28][44] ; 0                 ; 6       ;
;      - display:framebuffer|framebuffer[24][28] ; 0                 ; 6       ;
;      - display:framebuffer|framebuffer[20][28] ; 0                 ; 6       ;
;      - display:framebuffer|framebuffer[16][28] ; 0                 ; 6       ;
;      - display:framebuffer|framebuffer[28][28] ; 0                 ; 6       ;
;      - display:framebuffer|framebuffer[20][12] ; 0                 ; 6       ;
;      - display:framebuffer|framebuffer[24][12] ; 0                 ; 6       ;
;      - display:framebuffer|framebuffer[16][12] ; 0                 ; 6       ;
;      - display:framebuffer|framebuffer[28][12] ; 0                 ; 6       ;
;      - display:framebuffer|framebuffer[24][60] ; 0                 ; 6       ;
;      - display:framebuffer|framebuffer[20][60] ; 0                 ; 6       ;
;      - display:framebuffer|framebuffer[16][60] ; 0                 ; 6       ;
;      - display:framebuffer|framebuffer[28][60] ; 0                 ; 6       ;
;      - display:framebuffer|framebuffer[27][28] ; 0                 ; 6       ;
;      - display:framebuffer|framebuffer[23][28] ; 0                 ; 6       ;
;      - display:framebuffer|framebuffer[19][28] ; 0                 ; 6       ;
;      - display:framebuffer|framebuffer[31][28] ; 0                 ; 6       ;
;      - display:framebuffer|framebuffer[23][44] ; 0                 ; 6       ;
;      - display:framebuffer|framebuffer[27][44] ; 0                 ; 6       ;
;      - display:framebuffer|framebuffer[19][44] ; 0                 ; 6       ;
;      - display:framebuffer|framebuffer[31][44] ; 0                 ; 6       ;
;      - display:framebuffer|framebuffer[23][12] ; 0                 ; 6       ;
;      - display:framebuffer|framebuffer[27][12] ; 0                 ; 6       ;
;      - display:framebuffer|framebuffer[19][12] ; 0                 ; 6       ;
;      - display:framebuffer|framebuffer[31][12] ; 0                 ; 6       ;
;      - display:framebuffer|framebuffer[27][60] ; 0                 ; 6       ;
;      - display:framebuffer|framebuffer[23][60] ; 0                 ; 6       ;
;      - display:framebuffer|framebuffer[19][60] ; 0                 ; 6       ;
;      - display:framebuffer|framebuffer[31][60] ; 0                 ; 6       ;
;      - display:framebuffer|framebuffer[26][43] ; 0                 ; 6       ;
;      - display:framebuffer|framebuffer[26][27] ; 0                 ; 6       ;
;      - display:framebuffer|framebuffer[26][11] ; 0                 ; 6       ;
;      - display:framebuffer|framebuffer[26][59] ; 0                 ; 6       ;
;      - display:framebuffer|framebuffer[22][27] ; 0                 ; 6       ;
;      - display:framebuffer|framebuffer[22][43] ; 0                 ; 6       ;
;      - display:framebuffer|framebuffer[22][11] ; 0                 ; 6       ;
;      - display:framebuffer|framebuffer[22][59] ; 0                 ; 6       ;
;      - display:framebuffer|framebuffer[18][43] ; 0                 ; 6       ;
;      - display:framebuffer|framebuffer[18][27] ; 0                 ; 6       ;
;      - display:framebuffer|framebuffer[18][11] ; 0                 ; 6       ;
;      - display:framebuffer|framebuffer[18][59] ; 0                 ; 6       ;
;      - display:framebuffer|framebuffer[30][27] ; 0                 ; 6       ;
;      - display:framebuffer|framebuffer[30][43] ; 0                 ; 6       ;
;      - display:framebuffer|framebuffer[30][11] ; 0                 ; 6       ;
;      - display:framebuffer|framebuffer[30][59] ; 0                 ; 6       ;
;      - display:framebuffer|framebuffer[21][27] ; 0                 ; 6       ;
;      - display:framebuffer|framebuffer[21][43] ; 0                 ; 6       ;
;      - display:framebuffer|framebuffer[21][11] ; 0                 ; 6       ;
;      - display:framebuffer|framebuffer[21][59] ; 0                 ; 6       ;
;      - display:framebuffer|framebuffer[25][43] ; 0                 ; 6       ;
;      - display:framebuffer|framebuffer[25][27] ; 0                 ; 6       ;
;      - display:framebuffer|framebuffer[25][11] ; 0                 ; 6       ;
;      - display:framebuffer|framebuffer[25][59] ; 0                 ; 6       ;
;      - display:framebuffer|framebuffer[17][43] ; 0                 ; 6       ;
;      - display:framebuffer|framebuffer[17][27] ; 0                 ; 6       ;
;      - display:framebuffer|framebuffer[17][11] ; 0                 ; 6       ;
;      - display:framebuffer|framebuffer[17][59] ; 0                 ; 6       ;
;      - display:framebuffer|framebuffer[29][27] ; 0                 ; 6       ;
;      - display:framebuffer|framebuffer[29][43] ; 0                 ; 6       ;
;      - display:framebuffer|framebuffer[29][11] ; 0                 ; 6       ;
;      - display:framebuffer|framebuffer[29][59] ; 0                 ; 6       ;
;      - display:framebuffer|framebuffer[24][43] ; 0                 ; 6       ;
;      - display:framebuffer|framebuffer[24][27] ; 0                 ; 6       ;
;      - display:framebuffer|framebuffer[24][11] ; 0                 ; 6       ;
;      - display:framebuffer|framebuffer[24][59] ; 0                 ; 6       ;
;      - display:framebuffer|framebuffer[20][27] ; 0                 ; 6       ;
;      - display:framebuffer|framebuffer[20][43] ; 0                 ; 6       ;
;      - display:framebuffer|framebuffer[20][11] ; 0                 ; 6       ;
;      - display:framebuffer|framebuffer[20][59] ; 0                 ; 6       ;
;      - display:framebuffer|framebuffer[16][43] ; 0                 ; 6       ;
;      - display:framebuffer|framebuffer[16][27] ; 0                 ; 6       ;
;      - display:framebuffer|framebuffer[16][11] ; 0                 ; 6       ;
;      - display:framebuffer|framebuffer[16][59] ; 0                 ; 6       ;
;      - display:framebuffer|framebuffer[28][27] ; 0                 ; 6       ;
;      - display:framebuffer|framebuffer[28][43] ; 0                 ; 6       ;
;      - display:framebuffer|framebuffer[28][11] ; 0                 ; 6       ;
;      - display:framebuffer|framebuffer[28][59] ; 0                 ; 6       ;
;      - display:framebuffer|framebuffer[23][27] ; 0                 ; 6       ;
;      - display:framebuffer|framebuffer[23][43] ; 0                 ; 6       ;
;      - display:framebuffer|framebuffer[23][11] ; 0                 ; 6       ;
;      - display:framebuffer|framebuffer[23][59] ; 0                 ; 6       ;
;      - display:framebuffer|framebuffer[27][43] ; 0                 ; 6       ;
;      - display:framebuffer|framebuffer[27][27] ; 0                 ; 6       ;
;      - display:framebuffer|framebuffer[27][11] ; 0                 ; 6       ;
;      - display:framebuffer|framebuffer[27][59] ; 0                 ; 6       ;
;      - display:framebuffer|framebuffer[19][43] ; 0                 ; 6       ;
;      - display:framebuffer|framebuffer[19][27] ; 0                 ; 6       ;
;      - display:framebuffer|framebuffer[19][11] ; 0                 ; 6       ;
;      - display:framebuffer|framebuffer[19][59] ; 0                 ; 6       ;
;      - display:framebuffer|framebuffer[31][27] ; 0                 ; 6       ;
;      - display:framebuffer|framebuffer[31][43] ; 0                 ; 6       ;
;      - display:framebuffer|framebuffer[31][11] ; 0                 ; 6       ;
;      - display:framebuffer|framebuffer[31][59] ; 0                 ; 6       ;
;      - display:framebuffer|framebuffer[21][23] ; 0                 ; 6       ;
;      - display:framebuffer|framebuffer[22][23] ; 0                 ; 6       ;
;      - display:framebuffer|framebuffer[20][23] ; 0                 ; 6       ;
;      - display:framebuffer|framebuffer[23][23] ; 0                 ; 6       ;
;      - display:framebuffer|framebuffer[26][23] ; 0                 ; 6       ;
;      - display:framebuffer|framebuffer[25][23] ; 0                 ; 6       ;
;      - display:framebuffer|framebuffer[24][23] ; 0                 ; 6       ;
;      - display:framebuffer|framebuffer[27][23] ; 0                 ; 6       ;
;      - display:framebuffer|framebuffer[18][23] ; 0                 ; 6       ;
;      - display:framebuffer|framebuffer[17][23] ; 0                 ; 6       ;
;      - display:framebuffer|framebuffer[16][23] ; 0                 ; 6       ;
;      - display:framebuffer|framebuffer[19][23] ; 0                 ; 6       ;
;      - display:framebuffer|framebuffer[29][23] ; 0                 ; 6       ;
;      - display:framebuffer|framebuffer[30][23] ; 0                 ; 6       ;
;      - display:framebuffer|framebuffer[28][23] ; 0                 ; 6       ;
;      - display:framebuffer|framebuffer[31][23] ; 0                 ; 6       ;
;      - display:framebuffer|framebuffer[26][39] ; 0                 ; 6       ;
;      - display:framebuffer|framebuffer[25][39] ; 0                 ; 6       ;
;      - display:framebuffer|framebuffer[24][39] ; 0                 ; 6       ;
;      - display:framebuffer|framebuffer[27][39] ; 0                 ; 6       ;
;      - display:framebuffer|framebuffer[21][39] ; 0                 ; 6       ;
;      - display:framebuffer|framebuffer[22][39] ; 0                 ; 6       ;
;      - display:framebuffer|framebuffer[20][39] ; 0                 ; 6       ;
;      - display:framebuffer|framebuffer[23][39] ; 0                 ; 6       ;
;      - display:framebuffer|framebuffer[18][39] ; 0                 ; 6       ;
;      - display:framebuffer|framebuffer[17][39] ; 0                 ; 6       ;
;      - display:framebuffer|framebuffer[16][39] ; 0                 ; 6       ;
;      - display:framebuffer|framebuffer[19][39] ; 0                 ; 6       ;
;      - display:framebuffer|framebuffer[29][39] ; 0                 ; 6       ;
;      - display:framebuffer|framebuffer[30][39] ; 0                 ; 6       ;
;      - display:framebuffer|framebuffer[28][39] ; 0                 ; 6       ;
;      - display:framebuffer|framebuffer[31][39] ; 0                 ; 6       ;
;      - display:framebuffer|framebuffer[26][7]  ; 0                 ; 6       ;
;      - display:framebuffer|framebuffer[25][7]  ; 0                 ; 6       ;
;      - display:framebuffer|framebuffer[24][7]  ; 0                 ; 6       ;
;      - display:framebuffer|framebuffer[27][7]  ; 0                 ; 6       ;
;      - display:framebuffer|framebuffer[21][7]  ; 0                 ; 6       ;
;      - display:framebuffer|framebuffer[22][7]  ; 0                 ; 6       ;
;      - display:framebuffer|framebuffer[20][7]  ; 0                 ; 6       ;
;      - display:framebuffer|framebuffer[23][7]  ; 0                 ; 6       ;
;      - display:framebuffer|framebuffer[18][7]  ; 0                 ; 6       ;
;      - display:framebuffer|framebuffer[17][7]  ; 0                 ; 6       ;
;      - display:framebuffer|framebuffer[16][7]  ; 0                 ; 6       ;
;      - display:framebuffer|framebuffer[19][7]  ; 0                 ; 6       ;
;      - display:framebuffer|framebuffer[29][7]  ; 0                 ; 6       ;
;      - display:framebuffer|framebuffer[30][7]  ; 0                 ; 6       ;
;      - display:framebuffer|framebuffer[28][7]  ; 0                 ; 6       ;
;      - display:framebuffer|framebuffer[31][7]  ; 0                 ; 6       ;
;      - display:framebuffer|framebuffer[21][55] ; 0                 ; 6       ;
;      - display:framebuffer|framebuffer[22][55] ; 0                 ; 6       ;
;      - display:framebuffer|framebuffer[20][55] ; 0                 ; 6       ;
;      - display:framebuffer|framebuffer[23][55] ; 0                 ; 6       ;
;      - display:framebuffer|framebuffer[26][55] ; 0                 ; 6       ;
;      - display:framebuffer|framebuffer[25][55] ; 0                 ; 6       ;
;      - display:framebuffer|framebuffer[24][55] ; 0                 ; 6       ;
;      - display:framebuffer|framebuffer[27][55] ; 0                 ; 6       ;
;      - display:framebuffer|framebuffer[18][55] ; 0                 ; 6       ;
;      - display:framebuffer|framebuffer[17][55] ; 0                 ; 6       ;
;      - display:framebuffer|framebuffer[16][55] ; 0                 ; 6       ;
;      - display:framebuffer|framebuffer[19][55] ; 0                 ; 6       ;
;      - display:framebuffer|framebuffer[29][55] ; 0                 ; 6       ;
;      - display:framebuffer|framebuffer[30][55] ; 0                 ; 6       ;
;      - display:framebuffer|framebuffer[28][55] ; 0                 ; 6       ;
;      - display:framebuffer|framebuffer[31][55] ; 0                 ; 6       ;
;      - display:framebuffer|framebuffer[26][35] ; 0                 ; 6       ;
;      - display:framebuffer|framebuffer[25][35] ; 0                 ; 6       ;
;      - display:framebuffer|framebuffer[24][35] ; 0                 ; 6       ;
;      - display:framebuffer|framebuffer[27][35] ; 0                 ; 6       ;
;      - display:framebuffer|framebuffer[21][35] ; 0                 ; 6       ;
;      - display:framebuffer|framebuffer[22][35] ; 0                 ; 6       ;
;      - display:framebuffer|framebuffer[20][35] ; 0                 ; 6       ;
;      - display:framebuffer|framebuffer[23][35] ; 0                 ; 6       ;
;      - display:framebuffer|framebuffer[18][35] ; 0                 ; 6       ;
;      - display:framebuffer|framebuffer[17][35] ; 0                 ; 6       ;
;      - display:framebuffer|framebuffer[16][35] ; 0                 ; 6       ;
;      - display:framebuffer|framebuffer[19][35] ; 0                 ; 6       ;
;      - display:framebuffer|framebuffer[29][35] ; 0                 ; 6       ;
;      - display:framebuffer|framebuffer[30][35] ; 0                 ; 6       ;
;      - display:framebuffer|framebuffer[28][35] ; 0                 ; 6       ;
;      - display:framebuffer|framebuffer[31][35] ; 0                 ; 6       ;
;      - display:framebuffer|framebuffer[21][19] ; 0                 ; 6       ;
;      - display:framebuffer|framebuffer[22][19] ; 0                 ; 6       ;
;      - display:framebuffer|framebuffer[20][19] ; 0                 ; 6       ;
;      - display:framebuffer|framebuffer[23][19] ; 0                 ; 6       ;
;      - display:framebuffer|framebuffer[26][19] ; 0                 ; 6       ;
;      - display:framebuffer|framebuffer[25][19] ; 0                 ; 6       ;
;      - display:framebuffer|framebuffer[24][19] ; 0                 ; 6       ;
;      - display:framebuffer|framebuffer[27][19] ; 0                 ; 6       ;
;      - display:framebuffer|framebuffer[18][19] ; 0                 ; 6       ;
;      - display:framebuffer|framebuffer[17][19] ; 0                 ; 6       ;
;      - display:framebuffer|framebuffer[16][19] ; 0                 ; 6       ;
;      - display:framebuffer|framebuffer[19][19] ; 0                 ; 6       ;
;      - display:framebuffer|framebuffer[29][19] ; 0                 ; 6       ;
;      - display:framebuffer|framebuffer[30][19] ; 0                 ; 6       ;
;      - display:framebuffer|framebuffer[28][19] ; 0                 ; 6       ;
;      - display:framebuffer|framebuffer[31][19] ; 0                 ; 6       ;
;      - display:framebuffer|framebuffer[26][3]  ; 0                 ; 6       ;
;      - display:framebuffer|framebuffer[25][3]  ; 0                 ; 6       ;
;      - display:framebuffer|framebuffer[24][3]  ; 0                 ; 6       ;
;      - display:framebuffer|framebuffer[27][3]  ; 0                 ; 6       ;
;      - display:framebuffer|framebuffer[21][3]  ; 0                 ; 6       ;
;      - display:framebuffer|framebuffer[22][3]  ; 0                 ; 6       ;
;      - display:framebuffer|framebuffer[20][3]  ; 0                 ; 6       ;
;      - display:framebuffer|framebuffer[23][3]  ; 0                 ; 6       ;
;      - display:framebuffer|framebuffer[18][3]  ; 0                 ; 6       ;
;      - display:framebuffer|framebuffer[17][3]  ; 0                 ; 6       ;
;      - display:framebuffer|framebuffer[16][3]  ; 0                 ; 6       ;
;      - display:framebuffer|framebuffer[19][3]  ; 0                 ; 6       ;
;      - display:framebuffer|framebuffer[29][3]  ; 0                 ; 6       ;
;      - display:framebuffer|framebuffer[30][3]  ; 0                 ; 6       ;
;      - display:framebuffer|framebuffer[28][3]  ; 0                 ; 6       ;
;      - display:framebuffer|framebuffer[31][3]  ; 0                 ; 6       ;
;      - display:framebuffer|framebuffer[21][51] ; 0                 ; 6       ;
;      - display:framebuffer|framebuffer[22][51] ; 0                 ; 6       ;
;      - display:framebuffer|framebuffer[20][51] ; 0                 ; 6       ;
;      - display:framebuffer|framebuffer[23][51] ; 0                 ; 6       ;
;      - display:framebuffer|framebuffer[26][51] ; 0                 ; 6       ;
;      - display:framebuffer|framebuffer[25][51] ; 0                 ; 6       ;
;      - display:framebuffer|framebuffer[24][51] ; 0                 ; 6       ;
;      - display:framebuffer|framebuffer[27][51] ; 0                 ; 6       ;
;      - display:framebuffer|framebuffer[18][51] ; 0                 ; 6       ;
;      - display:framebuffer|framebuffer[17][51] ; 0                 ; 6       ;
;      - display:framebuffer|framebuffer[16][51] ; 0                 ; 6       ;
;      - display:framebuffer|framebuffer[19][51] ; 0                 ; 6       ;
;      - display:framebuffer|framebuffer[29][51] ; 0                 ; 6       ;
;      - display:framebuffer|framebuffer[30][51] ; 0                 ; 6       ;
;      - display:framebuffer|framebuffer[28][51] ; 0                 ; 6       ;
;      - display:framebuffer|framebuffer[31][51] ; 0                 ; 6       ;
;      - display:framebuffer|framebuffer[26][47] ; 0                 ; 6       ;
;      - display:framebuffer|framebuffer[22][47] ; 0                 ; 6       ;
;      - display:framebuffer|framebuffer[18][47] ; 0                 ; 6       ;
;      - display:framebuffer|framebuffer[30][47] ; 0                 ; 6       ;
;      - display:framebuffer|framebuffer[21][47] ; 0                 ; 6       ;
;      - display:framebuffer|framebuffer[25][47] ; 0                 ; 6       ;
;      - display:framebuffer|framebuffer[17][47] ; 0                 ; 6       ;
;      - display:framebuffer|framebuffer[29][47] ; 0                 ; 6       ;
;      - display:framebuffer|framebuffer[24][47] ; 0                 ; 6       ;
;      - display:framebuffer|framebuffer[20][47] ; 0                 ; 6       ;
;      - display:framebuffer|framebuffer[16][47] ; 0                 ; 6       ;
;      - display:framebuffer|framebuffer[28][47] ; 0                 ; 6       ;
;      - display:framebuffer|framebuffer[23][47] ; 0                 ; 6       ;
;      - display:framebuffer|framebuffer[27][47] ; 0                 ; 6       ;
;      - display:framebuffer|framebuffer[19][47] ; 0                 ; 6       ;
;      - display:framebuffer|framebuffer[31][47] ; 0                 ; 6       ;
;      - display:framebuffer|framebuffer[21][31] ; 0                 ; 6       ;
;      - display:framebuffer|framebuffer[22][31] ; 0                 ; 6       ;
;      - display:framebuffer|framebuffer[20][31] ; 0                 ; 6       ;
;      - display:framebuffer|framebuffer[23][31] ; 0                 ; 6       ;
;      - display:framebuffer|framebuffer[26][31] ; 0                 ; 6       ;
;      - display:framebuffer|framebuffer[25][31] ; 0                 ; 6       ;
;      - display:framebuffer|framebuffer[24][31] ; 0                 ; 6       ;
;      - display:framebuffer|framebuffer[27][31] ; 0                 ; 6       ;
;      - display:framebuffer|framebuffer[18][31] ; 0                 ; 6       ;
;      - display:framebuffer|framebuffer[17][31] ; 0                 ; 6       ;
;      - display:framebuffer|framebuffer[16][31] ; 0                 ; 6       ;
;      - display:framebuffer|framebuffer[19][31] ; 0                 ; 6       ;
;      - display:framebuffer|framebuffer[29][31] ; 0                 ; 6       ;
;      - display:framebuffer|framebuffer[30][31] ; 0                 ; 6       ;
;      - display:framebuffer|framebuffer[28][31] ; 0                 ; 6       ;
;      - display:framebuffer|framebuffer[31][31] ; 0                 ; 6       ;
;      - display:framebuffer|framebuffer[26][15] ; 0                 ; 6       ;
;      - display:framebuffer|framebuffer[25][15] ; 0                 ; 6       ;
;      - display:framebuffer|framebuffer[24][15] ; 0                 ; 6       ;
;      - display:framebuffer|framebuffer[27][15] ; 0                 ; 6       ;
;      - display:framebuffer|framebuffer[21][15] ; 0                 ; 6       ;
;      - display:framebuffer|framebuffer[22][15] ; 0                 ; 6       ;
;      - display:framebuffer|framebuffer[20][15] ; 0                 ; 6       ;
;      - display:framebuffer|framebuffer[23][15] ; 0                 ; 6       ;
;      - display:framebuffer|framebuffer[18][15] ; 0                 ; 6       ;
;      - display:framebuffer|framebuffer[17][15] ; 0                 ; 6       ;
;      - display:framebuffer|framebuffer[16][15] ; 0                 ; 6       ;
;      - display:framebuffer|framebuffer[19][15] ; 0                 ; 6       ;
;      - display:framebuffer|framebuffer[29][15] ; 0                 ; 6       ;
;      - display:framebuffer|framebuffer[30][15] ; 0                 ; 6       ;
;      - display:framebuffer|framebuffer[28][15] ; 0                 ; 6       ;
;      - display:framebuffer|framebuffer[31][15] ; 0                 ; 6       ;
;      - display:framebuffer|framebuffer[25][63] ; 0                 ; 6       ;
;      - display:framebuffer|framebuffer[26][63] ; 0                 ; 6       ;
;      - display:framebuffer|framebuffer[24][63] ; 0                 ; 6       ;
;      - display:framebuffer|framebuffer[27][63] ; 0                 ; 6       ;
;      - display:framebuffer|framebuffer[22][63] ; 0                 ; 6       ;
;      - display:framebuffer|framebuffer[21][63] ; 0                 ; 6       ;
;      - display:framebuffer|framebuffer[20][63] ; 0                 ; 6       ;
;      - display:framebuffer|framebuffer[23][63] ; 0                 ; 6       ;
;      - display:framebuffer|framebuffer[17][63] ; 0                 ; 6       ;
;      - display:framebuffer|framebuffer[18][63] ; 0                 ; 6       ;
;      - display:framebuffer|framebuffer[16][63] ; 0                 ; 6       ;
;      - display:framebuffer|framebuffer[19][63] ; 0                 ; 6       ;
;      - display:framebuffer|framebuffer[30][63] ; 0                 ; 6       ;
;      - display:framebuffer|framebuffer[29][63] ; 0                 ; 6       ;
;      - display:framebuffer|framebuffer[28][63] ; 0                 ; 6       ;
;      - display:framebuffer|framebuffer[31][63] ; 0                 ; 6       ;
;      - chip8_cpu:cpu|V[15][6]                  ; 0                 ; 6       ;
;      - chip8_cpu:cpu|V[15][7]                  ; 0                 ; 6       ;
;      - chip8_cpu:cpu|pc[11]                    ; 0                 ; 6       ;
;      - chip8_cpu:cpu|pc[10]                    ; 0                 ; 6       ;
;      - chip8_cpu:cpu|pc[8]                     ; 0                 ; 6       ;
;      - chip8_cpu:cpu|pc[7]                     ; 0                 ; 6       ;
;      - chip8_cpu:cpu|pc[6]                     ; 0                 ; 6       ;
;      - chip8_cpu:cpu|pc[5]                     ; 0                 ; 6       ;
;      - chip8_cpu:cpu|pc[4]                     ; 0                 ; 6       ;
;      - chip8_cpu:cpu|pc[1]                     ; 0                 ; 6       ;
;      - chip8_cpu:cpu|pc[2]                     ; 0                 ; 6       ;
;      - chip8_cpu:cpu|pc[3]                     ; 0                 ; 6       ;
;      - chip8_cpu:cpu|display_y[0]              ; 0                 ; 6       ;
;      - chip8_cpu:cpu|display_y[1]              ; 0                 ; 6       ;
;      - chip8_cpu:cpu|display_y[2]              ; 0                 ; 6       ;
;      - chip8_cpu:cpu|display_y[3]              ; 0                 ; 6       ;
;      - chip8_cpu:cpu|display_y[4]              ; 0                 ; 6       ;
;      - chip8_cpu:cpu|I[11]                     ; 0                 ; 6       ;
;      - chip8_cpu:cpu|I[10]                     ; 0                 ; 6       ;
;      - chip8_cpu:cpu|I[9]                      ; 0                 ; 6       ;
;      - chip8_cpu:cpu|I[8]                      ; 0                 ; 6       ;
;      - chip8_cpu:cpu|I[7]                      ; 0                 ; 6       ;
;      - chip8_cpu:cpu|I[6]                      ; 0                 ; 6       ;
;      - chip8_cpu:cpu|I[5]                      ; 0                 ; 6       ;
;      - chip8_cpu:cpu|I[4]                      ; 0                 ; 6       ;
;      - chip8_cpu:cpu|I[0]                      ; 0                 ; 6       ;
;      - chip8_cpu:cpu|I[1]                      ; 0                 ; 6       ;
;      - chip8_cpu:cpu|I[2]                      ; 0                 ; 6       ;
;      - chip8_cpu:cpu|I[3]                      ; 0                 ; 6       ;
;      - chip8_cpu:cpu|delay_timer[5]            ; 0                 ; 6       ;
;      - chip8_cpu:cpu|delay_timer[4]            ; 0                 ; 6       ;
;      - chip8_cpu:cpu|delay_timer[0]            ; 0                 ; 6       ;
;      - chip8_cpu:cpu|delay_timer[1]            ; 0                 ; 6       ;
;      - chip8_cpu:cpu|delay_timer[2]            ; 0                 ; 6       ;
;      - chip8_cpu:cpu|delay_timer[3]            ; 0                 ; 6       ;
;      - chip8_cpu:cpu|delay_timer[6]            ; 0                 ; 6       ;
;      - chip8_cpu:cpu|delay_timer[7]            ; 0                 ; 6       ;
;      - chip8_cpu:cpu|V[5][0]                   ; 0                 ; 6       ;
;      - chip8_cpu:cpu|V[9][0]                   ; 0                 ; 6       ;
;      - chip8_cpu:cpu|V[1][0]                   ; 0                 ; 6       ;
;      - chip8_cpu:cpu|V[13][0]                  ; 0                 ; 6       ;
;      - chip8_cpu:cpu|V[10][0]                  ; 0                 ; 6       ;
;      - chip8_cpu:cpu|V[6][0]                   ; 0                 ; 6       ;
;      - chip8_cpu:cpu|V[2][0]                   ; 0                 ; 6       ;
;      - chip8_cpu:cpu|V[14][0]                  ; 0                 ; 6       ;
;      - chip8_cpu:cpu|V[8][0]                   ; 0                 ; 6       ;
;      - chip8_cpu:cpu|V[4][0]                   ; 0                 ; 6       ;
;      - chip8_cpu:cpu|V[0][0]                   ; 0                 ; 6       ;
;      - chip8_cpu:cpu|V[12][0]                  ; 0                 ; 6       ;
;      - chip8_cpu:cpu|V[7][0]                   ; 0                 ; 6       ;
;      - chip8_cpu:cpu|V[11][0]                  ; 0                 ; 6       ;
;      - chip8_cpu:cpu|V[3][0]                   ; 0                 ; 6       ;
;      - chip8_cpu:cpu|V[6][7]                   ; 0                 ; 6       ;
;      - chip8_cpu:cpu|V[3][7]                   ; 0                 ; 6       ;
;      - chip8_cpu:cpu|V[2][7]                   ; 0                 ; 6       ;
;      - chip8_cpu:cpu|V[7][7]                   ; 0                 ; 6       ;
;      - chip8_cpu:cpu|V[9][7]                   ; 0                 ; 6       ;
;      - chip8_cpu:cpu|V[12][7]                  ; 0                 ; 6       ;
;      - chip8_cpu:cpu|V[8][7]                   ; 0                 ; 6       ;
;      - chip8_cpu:cpu|V[13][7]                  ; 0                 ; 6       ;
;      - chip8_cpu:cpu|V[4][7]                   ; 0                 ; 6       ;
;      - chip8_cpu:cpu|V[1][7]                   ; 0                 ; 6       ;
;      - chip8_cpu:cpu|V[0][7]                   ; 0                 ; 6       ;
;      - chip8_cpu:cpu|V[5][7]                   ; 0                 ; 6       ;
;      - chip8_cpu:cpu|V[11][7]                  ; 0                 ; 6       ;
;      - chip8_cpu:cpu|V[14][7]                  ; 0                 ; 6       ;
;      - chip8_cpu:cpu|V[10][7]                  ; 0                 ; 6       ;
;      - freq_div:pixel_enable|tick_25MHZ        ; 0                 ; 6       ;
;      - vga_timing:timing|hcount[0]             ; 0                 ; 6       ;
;      - chip8_cpu:cpu|display_x[5]              ; 0                 ; 6       ;
;      - chip8_cpu:cpu|display_x[4]              ; 0                 ; 6       ;
;      - chip8_cpu:cpu|display_x[2]              ; 0                 ; 6       ;
;      - chip8_cpu:cpu|display_x[0]              ; 0                 ; 6       ;
;      - chip8_cpu:cpu|display_x[3]              ; 0                 ; 6       ;
;      - chip8_cpu:cpu|display_x[1]              ; 0                 ; 6       ;
;      - chip8_cpu:cpu|display_sprite[4]         ; 0                 ; 6       ;
;      - chip8_cpu:cpu|display_sprite[2]         ; 0                 ; 6       ;
;      - chip8_cpu:cpu|display_sprite[3]         ; 0                 ; 6       ;
;      - chip8_cpu:cpu|display_sprite[5]         ; 0                 ; 6       ;
;      - chip8_cpu:cpu|display_sprite[7]         ; 0                 ; 6       ;
;      - chip8_cpu:cpu|display_sprite[6]         ; 0                 ; 6       ;
;      - chip8_cpu:cpu|display_sprite[1]         ; 0                 ; 6       ;
;      - chip8_cpu:cpu|display_sprite[0]         ; 0                 ; 6       ;
;      - chip8_cpu:cpu|display_draw              ; 0                 ; 6       ;
;      - chip8_cpu:cpu|state.DRAW_READ           ; 0                 ; 6       ;
;      - chip8_cpu:cpu|mem_addr[0]               ; 0                 ; 6       ;
;      - chip8_cpu:cpu|mem_addr[11]              ; 0                 ; 6       ;
;      - chip8_cpu:cpu|mem_addr[10]              ; 0                 ; 6       ;
;      - chip8_cpu:cpu|mem_addr[9]               ; 0                 ; 6       ;
;      - chip8_cpu:cpu|mem_addr[7]               ; 0                 ; 6       ;
;      - chip8_cpu:cpu|mem_addr[6]               ; 0                 ; 6       ;
;      - chip8_cpu:cpu|mem_addr[5]               ; 0                 ; 6       ;
;      - chip8_cpu:cpu|mem_addr[4]               ; 0                 ; 6       ;
;      - chip8_cpu:cpu|mem_addr[1]               ; 0                 ; 6       ;
;      - chip8_cpu:cpu|mem_addr[2]               ; 0                 ; 6       ;
;      - chip8_cpu:cpu|mem_addr[8]               ; 0                 ; 6       ;
;      - chip8_cpu:cpu|mem_addr[3]               ; 0                 ; 6       ;
;      - chip8_cpu:cpu|ir[11]                    ; 0                 ; 6       ;
;      - chip8_cpu:cpu|ir[10]                    ; 0                 ; 6       ;
;      - chip8_cpu:cpu|ir[9]                     ; 0                 ; 6       ;
;      - chip8_cpu:cpu|ir[8]                     ; 0                 ; 6       ;
;      - chip8_cpu:cpu|ir[7]                     ; 0                 ; 6       ;
;      - chip8_cpu:cpu|ir[6]                     ; 0                 ; 6       ;
;      - chip8_cpu:cpu|ir[5]                     ; 0                 ; 6       ;
;      - chip8_cpu:cpu|ir[4]                     ; 0                 ; 6       ;
;      - chip8_cpu:cpu|ir[15]                    ; 0                 ; 6       ;
;      - chip8_cpu:cpu|ir[14]                    ; 0                 ; 6       ;
;      - chip8_cpu:cpu|ir[13]                    ; 0                 ; 6       ;
;      - chip8_cpu:cpu|ir[12]                    ; 0                 ; 6       ;
;      - chip8_cpu:cpu|ir[3]                     ; 0                 ; 6       ;
;      - chip8_cpu:cpu|ir[2]                     ; 0                 ; 6       ;
;      - chip8_cpu:cpu|ir[1]                     ; 0                 ; 6       ;
;      - chip8_cpu:cpu|ir[0]                     ; 0                 ; 6       ;
;      - chip8_cpu:cpu|state.EXECUTE             ; 0                 ; 6       ;
;      - chip8_cpu:cpu|draw_row[3]~0             ; 0                 ; 6       ;
;      - chip8_cpu:cpu|V[15][0]                  ; 0                 ; 6       ;
;      - chip8_cpu:cpu|draw_height[3]~0          ; 0                 ; 6       ;
;      - chip8_cpu:cpu|V[6][1]                   ; 0                 ; 6       ;
;      - chip8_cpu:cpu|V[5][1]                   ; 0                 ; 6       ;
;      - chip8_cpu:cpu|V[4][1]                   ; 0                 ; 6       ;
;      - chip8_cpu:cpu|V[7][1]                   ; 0                 ; 6       ;
;      - chip8_cpu:cpu|V[9][1]                   ; 0                 ; 6       ;
;      - chip8_cpu:cpu|V[10][1]                  ; 0                 ; 6       ;
;      - chip8_cpu:cpu|V[8][1]                   ; 0                 ; 6       ;
;      - chip8_cpu:cpu|V[11][1]                  ; 0                 ; 6       ;
;      - chip8_cpu:cpu|V[1][1]                   ; 0                 ; 6       ;
;      - chip8_cpu:cpu|V[2][1]                   ; 0                 ; 6       ;
;      - chip8_cpu:cpu|V[0][1]                   ; 0                 ; 6       ;
;      - chip8_cpu:cpu|V[3][1]                   ; 0                 ; 6       ;
;      - chip8_cpu:cpu|V[14][1]                  ; 0                 ; 6       ;
;      - chip8_cpu:cpu|V[13][1]                  ; 0                 ; 6       ;
;      - chip8_cpu:cpu|V[12][1]                  ; 0                 ; 6       ;
;      - chip8_cpu:cpu|V[6][2]                   ; 0                 ; 6       ;
;      - chip8_cpu:cpu|V[10][2]                  ; 0                 ; 6       ;
;      - chip8_cpu:cpu|V[2][2]                   ; 0                 ; 6       ;
;      - chip8_cpu:cpu|V[14][2]                  ; 0                 ; 6       ;
;      - chip8_cpu:cpu|V[9][2]                   ; 0                 ; 6       ;
;      - chip8_cpu:cpu|V[5][2]                   ; 0                 ; 6       ;
;      - chip8_cpu:cpu|V[1][2]                   ; 0                 ; 6       ;
;      - chip8_cpu:cpu|V[13][2]                  ; 0                 ; 6       ;
;      - chip8_cpu:cpu|V[4][2]                   ; 0                 ; 6       ;
;      - chip8_cpu:cpu|V[8][2]                   ; 0                 ; 6       ;
;      - chip8_cpu:cpu|V[0][2]                   ; 0                 ; 6       ;
;      - chip8_cpu:cpu|V[12][2]                  ; 0                 ; 6       ;
;      - chip8_cpu:cpu|V[11][2]                  ; 0                 ; 6       ;
;      - chip8_cpu:cpu|V[7][2]                   ; 0                 ; 6       ;
;      - chip8_cpu:cpu|V[3][2]                   ; 0                 ; 6       ;
;      - chip8_cpu:cpu|V[10][3]                  ; 0                 ; 6       ;
;      - chip8_cpu:cpu|V[9][3]                   ; 0                 ; 6       ;
;      - chip8_cpu:cpu|V[8][3]                   ; 0                 ; 6       ;
;      - chip8_cpu:cpu|V[11][3]                  ; 0                 ; 6       ;
;      - chip8_cpu:cpu|V[5][3]                   ; 0                 ; 6       ;
;      - chip8_cpu:cpu|V[6][3]                   ; 0                 ; 6       ;
;      - chip8_cpu:cpu|V[4][3]                   ; 0                 ; 6       ;
;      - chip8_cpu:cpu|V[7][3]                   ; 0                 ; 6       ;
;      - chip8_cpu:cpu|V[2][3]                   ; 0                 ; 6       ;
;      - chip8_cpu:cpu|V[1][3]                   ; 0                 ; 6       ;
;      - chip8_cpu:cpu|V[0][3]                   ; 0                 ; 6       ;
;      - chip8_cpu:cpu|V[3][3]                   ; 0                 ; 6       ;
;      - chip8_cpu:cpu|V[13][3]                  ; 0                 ; 6       ;
;      - chip8_cpu:cpu|V[14][3]                  ; 0                 ; 6       ;
;      - chip8_cpu:cpu|V[12][3]                  ; 0                 ; 6       ;
;      - chip8_cpu:cpu|V[12][5]                  ; 0                 ; 6       ;
;      - chip8_cpu:cpu|V[9][5]                   ; 0                 ; 6       ;
;      - chip8_cpu:cpu|V[8][5]                   ; 0                 ; 6       ;
;      - chip8_cpu:cpu|V[13][5]                  ; 0                 ; 6       ;
;      - chip8_cpu:cpu|V[3][5]                   ; 0                 ; 6       ;
;      - chip8_cpu:cpu|V[6][5]                   ; 0                 ; 6       ;
;      - chip8_cpu:cpu|V[2][5]                   ; 0                 ; 6       ;
;      - chip8_cpu:cpu|V[7][5]                   ; 0                 ; 6       ;
;      - chip8_cpu:cpu|V[4][5]                   ; 0                 ; 6       ;
;      - chip8_cpu:cpu|V[1][5]                   ; 0                 ; 6       ;
;      - chip8_cpu:cpu|V[0][5]                   ; 0                 ; 6       ;
;      - chip8_cpu:cpu|V[5][5]                   ; 0                 ; 6       ;
;      - chip8_cpu:cpu|V[14][5]                  ; 0                 ; 6       ;
;      - chip8_cpu:cpu|V[11][5]                  ; 0                 ; 6       ;
;      - chip8_cpu:cpu|V[10][5]                  ; 0                 ; 6       ;
;      - chip8_cpu:cpu|V[3][4]                   ; 0                 ; 6       ;
;      - chip8_cpu:cpu|V[9][4]                   ; 0                 ; 6       ;
;      - chip8_cpu:cpu|V[1][4]                   ; 0                 ; 6       ;
;      - chip8_cpu:cpu|V[11][4]                  ; 0                 ; 6       ;
;      - chip8_cpu:cpu|V[12][4]                  ; 0                 ; 6       ;
;      - chip8_cpu:cpu|V[6][4]                   ; 0                 ; 6       ;
;      - chip8_cpu:cpu|V[4][4]                   ; 0                 ; 6       ;
;      - chip8_cpu:cpu|V[14][4]                  ; 0                 ; 6       ;
;      - chip8_cpu:cpu|V[2][4]                   ; 0                 ; 6       ;
;      - chip8_cpu:cpu|V[8][4]                   ; 0                 ; 6       ;
;      - chip8_cpu:cpu|V[0][4]                   ; 0                 ; 6       ;
;      - chip8_cpu:cpu|V[10][4]                  ; 0                 ; 6       ;
;      - chip8_cpu:cpu|V[13][4]                  ; 0                 ; 6       ;
;      - chip8_cpu:cpu|V[7][4]                   ; 0                 ; 6       ;
;      - chip8_cpu:cpu|V[5][4]                   ; 0                 ; 6       ;
;      - chip8_cpu:cpu|stack[10][0]              ; 0                 ; 6       ;
;      - chip8_cpu:cpu|sp[1]                     ; 0                 ; 6       ;
;      - chip8_cpu:cpu|sp[0]                     ; 0                 ; 6       ;
;      - chip8_cpu:cpu|sp[2]                     ; 0                 ; 6       ;
;      - chip8_cpu:cpu|stack[12][0]              ; 0                 ; 6       ;
;      - chip8_cpu:cpu|stack[14][0]              ; 0                 ; 6       ;
;      - chip8_cpu:cpu|stack[8][0]               ; 0                 ; 6       ;
;      - chip8_cpu:cpu|stack[3][0]               ; 0                 ; 6       ;
;      - chip8_cpu:cpu|stack[5][0]               ; 0                 ; 6       ;
;      - chip8_cpu:cpu|stack[7][0]               ; 0                 ; 6       ;
;      - chip8_cpu:cpu|stack[1][0]               ; 0                 ; 6       ;
;      - chip8_cpu:cpu|sp[3]                     ; 0                 ; 6       ;
;      - chip8_cpu:cpu|stack[11][0]              ; 0                 ; 6       ;
;      - chip8_cpu:cpu|stack[13][0]              ; 0                 ; 6       ;
;      - chip8_cpu:cpu|stack[15][0]              ; 0                 ; 6       ;
;      - chip8_cpu:cpu|stack[9][0]               ; 0                 ; 6       ;
;      - chip8_cpu:cpu|stack[4][0]               ; 0                 ; 6       ;
;      - chip8_cpu:cpu|stack[2][0]               ; 0                 ; 6       ;
;      - chip8_cpu:cpu|stack[6][0]               ; 0                 ; 6       ;
;      - chip8_cpu:cpu|stack[0][0]               ; 0                 ; 6       ;
;      - chip8_cpu:cpu|pc[0]                     ; 0                 ; 6       ;
;      - chip8_cpu:cpu|V[9][6]                   ; 0                 ; 6       ;
;      - chip8_cpu:cpu|V[3][6]                   ; 0                 ; 6       ;
;      - chip8_cpu:cpu|V[1][6]                   ; 0                 ; 6       ;
;      - chip8_cpu:cpu|V[11][6]                  ; 0                 ; 6       ;
;      - chip8_cpu:cpu|V[6][6]                   ; 0                 ; 6       ;
;      - chip8_cpu:cpu|V[12][6]                  ; 0                 ; 6       ;
;      - chip8_cpu:cpu|V[4][6]                   ; 0                 ; 6       ;
;      - chip8_cpu:cpu|V[14][6]                  ; 0                 ; 6       ;
;      - chip8_cpu:cpu|V[8][6]                   ; 0                 ; 6       ;
;      - chip8_cpu:cpu|V[2][6]                   ; 0                 ; 6       ;
;      - chip8_cpu:cpu|V[0][6]                   ; 0                 ; 6       ;
;      - chip8_cpu:cpu|V[10][6]                  ; 0                 ; 6       ;
;      - chip8_cpu:cpu|V[7][6]                   ; 0                 ; 6       ;
;      - chip8_cpu:cpu|V[13][6]                  ; 0                 ; 6       ;
;      - chip8_cpu:cpu|V[5][6]                   ; 0                 ; 6       ;
;      - chip8_cpu:cpu|state.LOAD                ; 0                 ; 6       ;
;      - chip8_cpu:cpu|stack[12][11]             ; 0                 ; 6       ;
;      - chip8_cpu:cpu|stack[6][11]              ; 0                 ; 6       ;
;      - chip8_cpu:cpu|stack[14][11]             ; 0                 ; 6       ;
;      - chip8_cpu:cpu|stack[4][11]              ; 0                 ; 6       ;
;      - chip8_cpu:cpu|stack[3][11]              ; 0                 ; 6       ;
;      - chip8_cpu:cpu|stack[9][11]              ; 0                 ; 6       ;
;      - chip8_cpu:cpu|stack[11][11]             ; 0                 ; 6       ;
;      - chip8_cpu:cpu|stack[1][11]              ; 0                 ; 6       ;
;      - chip8_cpu:cpu|stack[13][11]             ; 0                 ; 6       ;
;      - chip8_cpu:cpu|stack[7][11]              ; 0                 ; 6       ;
;      - chip8_cpu:cpu|stack[15][11]             ; 0                 ; 6       ;
;      - chip8_cpu:cpu|stack[5][11]              ; 0                 ; 6       ;
;      - chip8_cpu:cpu|stack[2][11]              ; 0                 ; 6       ;
;      - chip8_cpu:cpu|stack[8][11]              ; 0                 ; 6       ;
;      - chip8_cpu:cpu|stack[10][11]             ; 0                 ; 6       ;
;      - chip8_cpu:cpu|stack[0][11]              ; 0                 ; 6       ;
;      - chip8_cpu:cpu|pc[9]                     ; 0                 ; 6       ;
;      - chip8_cpu:cpu|stack[6][10]              ; 0                 ; 6       ;
;      - chip8_cpu:cpu|stack[3][10]              ; 0                 ; 6       ;
;      - chip8_cpu:cpu|stack[7][10]              ; 0                 ; 6       ;
;      - chip8_cpu:cpu|stack[2][10]              ; 0                 ; 6       ;
;      - chip8_cpu:cpu|stack[12][10]             ; 0                 ; 6       ;
;      - chip8_cpu:cpu|stack[9][10]              ; 0                 ; 6       ;
;      - chip8_cpu:cpu|stack[13][10]             ; 0                 ; 6       ;
;      - chip8_cpu:cpu|stack[8][10]              ; 0                 ; 6       ;
;      - chip8_cpu:cpu|stack[14][10]             ; 0                 ; 6       ;
;      - chip8_cpu:cpu|stack[11][10]             ; 0                 ; 6       ;
;      - chip8_cpu:cpu|stack[15][10]             ; 0                 ; 6       ;
;      - chip8_cpu:cpu|stack[10][10]             ; 0                 ; 6       ;
;      - chip8_cpu:cpu|stack[4][10]              ; 0                 ; 6       ;
;      - chip8_cpu:cpu|stack[1][10]              ; 0                 ; 6       ;
;      - chip8_cpu:cpu|stack[5][10]              ; 0                 ; 6       ;
;      - chip8_cpu:cpu|stack[0][10]              ; 0                 ; 6       ;
;      - chip8_cpu:cpu|stack[6][9]               ; 0                 ; 6       ;
;      - chip8_cpu:cpu|stack[12][9]              ; 0                 ; 6       ;
;      - chip8_cpu:cpu|stack[14][9]              ; 0                 ; 6       ;
;      - chip8_cpu:cpu|stack[4][9]               ; 0                 ; 6       ;
;      - chip8_cpu:cpu|stack[9][9]               ; 0                 ; 6       ;
;      - chip8_cpu:cpu|stack[3][9]               ; 0                 ; 6       ;
;      - chip8_cpu:cpu|stack[11][9]              ; 0                 ; 6       ;
;      - chip8_cpu:cpu|stack[1][9]               ; 0                 ; 6       ;
;      - chip8_cpu:cpu|stack[7][9]               ; 0                 ; 6       ;
;      - chip8_cpu:cpu|stack[13][9]              ; 0                 ; 6       ;
;      - chip8_cpu:cpu|stack[15][9]              ; 0                 ; 6       ;
;      - chip8_cpu:cpu|stack[5][9]               ; 0                 ; 6       ;
;      - chip8_cpu:cpu|stack[8][9]               ; 0                 ; 6       ;
;      - chip8_cpu:cpu|stack[2][9]               ; 0                 ; 6       ;
;      - chip8_cpu:cpu|stack[10][9]              ; 0                 ; 6       ;
;      - chip8_cpu:cpu|stack[0][9]               ; 0                 ; 6       ;
;      - chip8_cpu:cpu|state.FETCH_LO            ; 0                 ; 6       ;
;      - chip8_cpu:cpu|state.FETCH_HI            ; 0                 ; 6       ;
;      - chip8_cpu:cpu|stack[6][7]               ; 0                 ; 6       ;
;      - chip8_cpu:cpu|stack[12][7]              ; 0                 ; 6       ;
;      - chip8_cpu:cpu|stack[14][7]              ; 0                 ; 6       ;
;      - chip8_cpu:cpu|stack[4][7]               ; 0                 ; 6       ;
;      - chip8_cpu:cpu|stack[3][7]               ; 0                 ; 6       ;
;      - chip8_cpu:cpu|stack[9][7]               ; 0                 ; 6       ;
;      - chip8_cpu:cpu|stack[11][7]              ; 0                 ; 6       ;
;      - chip8_cpu:cpu|stack[1][7]               ; 0                 ; 6       ;
;      - chip8_cpu:cpu|stack[7][7]               ; 0                 ; 6       ;
;      - chip8_cpu:cpu|stack[13][7]              ; 0                 ; 6       ;
;      - chip8_cpu:cpu|stack[15][7]              ; 0                 ; 6       ;
;      - chip8_cpu:cpu|stack[5][7]               ; 0                 ; 6       ;
;      - chip8_cpu:cpu|stack[2][7]               ; 0                 ; 6       ;
;      - chip8_cpu:cpu|stack[8][7]               ; 0                 ; 6       ;
;      - chip8_cpu:cpu|stack[10][7]              ; 0                 ; 6       ;
;      - chip8_cpu:cpu|stack[0][7]               ; 0                 ; 6       ;
;      - chip8_cpu:cpu|stack[10][6]              ; 0                 ; 6       ;
;      - chip8_cpu:cpu|stack[12][6]              ; 0                 ; 6       ;
;      - chip8_cpu:cpu|stack[14][6]              ; 0                 ; 6       ;
;      - chip8_cpu:cpu|stack[8][6]               ; 0                 ; 6       ;
;      - chip8_cpu:cpu|stack[3][6]               ; 0                 ; 6       ;
;      - chip8_cpu:cpu|stack[5][6]               ; 0                 ; 6       ;
;      - chip8_cpu:cpu|stack[7][6]               ; 0                 ; 6       ;
;      - chip8_cpu:cpu|stack[1][6]               ; 0                 ; 6       ;
;      - chip8_cpu:cpu|stack[11][6]              ; 0                 ; 6       ;
;      - chip8_cpu:cpu|stack[13][6]              ; 0                 ; 6       ;
;      - chip8_cpu:cpu|stack[15][6]              ; 0                 ; 6       ;
;      - chip8_cpu:cpu|stack[9][6]               ; 0                 ; 6       ;
;      - chip8_cpu:cpu|stack[4][6]               ; 0                 ; 6       ;
;      - chip8_cpu:cpu|stack[2][6]               ; 0                 ; 6       ;
;      - chip8_cpu:cpu|stack[6][6]               ; 0                 ; 6       ;
;      - chip8_cpu:cpu|stack[0][6]               ; 0                 ; 6       ;
;      - chip8_cpu:cpu|stack[12][5]              ; 0                 ; 6       ;
;      - chip8_cpu:cpu|stack[6][5]               ; 0                 ; 6       ;
;      - chip8_cpu:cpu|stack[14][5]              ; 0                 ; 6       ;
;      - chip8_cpu:cpu|stack[4][5]               ; 0                 ; 6       ;
;      - chip8_cpu:cpu|stack[9][5]               ; 0                 ; 6       ;
;      - chip8_cpu:cpu|stack[3][5]               ; 0                 ; 6       ;
;      - chip8_cpu:cpu|stack[11][5]              ; 0                 ; 6       ;
;      - chip8_cpu:cpu|stack[1][5]               ; 0                 ; 6       ;
;      - chip8_cpu:cpu|stack[13][5]              ; 0                 ; 6       ;
;      - chip8_cpu:cpu|stack[7][5]               ; 0                 ; 6       ;
;      - chip8_cpu:cpu|stack[15][5]              ; 0                 ; 6       ;
;      - chip8_cpu:cpu|stack[5][5]               ; 0                 ; 6       ;
;      - chip8_cpu:cpu|stack[2][5]               ; 0                 ; 6       ;
;      - chip8_cpu:cpu|stack[8][5]               ; 0                 ; 6       ;
;      - chip8_cpu:cpu|stack[10][5]              ; 0                 ; 6       ;
;      - chip8_cpu:cpu|stack[0][5]               ; 0                 ; 6       ;
;      - chip8_cpu:cpu|stack[6][4]               ; 0                 ; 6       ;
;      - chip8_cpu:cpu|stack[10][4]              ; 0                 ; 6       ;
;      - chip8_cpu:cpu|stack[14][4]              ; 0                 ; 6       ;
;      - chip8_cpu:cpu|stack[2][4]               ; 0                 ; 6       ;
;      - chip8_cpu:cpu|stack[7][4]               ; 0                 ; 6       ;
;      - chip8_cpu:cpu|stack[11][4]              ; 0                 ; 6       ;
;      - chip8_cpu:cpu|stack[15][4]              ; 0                 ; 6       ;
;      - chip8_cpu:cpu|stack[3][4]               ; 0                 ; 6       ;
;      - chip8_cpu:cpu|stack[5][4]               ; 0                 ; 6       ;
;      - chip8_cpu:cpu|stack[9][4]               ; 0                 ; 6       ;
;      - chip8_cpu:cpu|stack[13][4]              ; 0                 ; 6       ;
;      - chip8_cpu:cpu|stack[1][4]               ; 0                 ; 6       ;
;      - chip8_cpu:cpu|stack[8][4]               ; 0                 ; 6       ;
;      - chip8_cpu:cpu|stack[4][4]               ; 0                 ; 6       ;
;      - chip8_cpu:cpu|stack[12][4]              ; 0                 ; 6       ;
;      - chip8_cpu:cpu|stack[0][4]               ; 0                 ; 6       ;
;      - chip8_cpu:cpu|stack[6][1]               ; 0                 ; 6       ;
;      - chip8_cpu:cpu|stack[10][1]              ; 0                 ; 6       ;
;      - chip8_cpu:cpu|stack[14][1]              ; 0                 ; 6       ;
;      - chip8_cpu:cpu|stack[2][1]               ; 0                 ; 6       ;
;      - chip8_cpu:cpu|stack[7][1]               ; 0                 ; 6       ;
;      - chip8_cpu:cpu|stack[11][1]              ; 0                 ; 6       ;
;      - chip8_cpu:cpu|stack[15][1]              ; 0                 ; 6       ;
;      - chip8_cpu:cpu|stack[3][1]               ; 0                 ; 6       ;
;      - chip8_cpu:cpu|stack[5][1]               ; 0                 ; 6       ;
;      - chip8_cpu:cpu|stack[9][1]               ; 0                 ; 6       ;
;      - chip8_cpu:cpu|stack[13][1]              ; 0                 ; 6       ;
;      - chip8_cpu:cpu|stack[1][1]               ; 0                 ; 6       ;
;      - chip8_cpu:cpu|stack[4][1]               ; 0                 ; 6       ;
;      - chip8_cpu:cpu|stack[8][1]               ; 0                 ; 6       ;
;      - chip8_cpu:cpu|stack[12][1]              ; 0                 ; 6       ;
;      - chip8_cpu:cpu|stack[0][1]               ; 0                 ; 6       ;
;      - chip8_cpu:cpu|stack[12][2]              ; 0                 ; 6       ;
;      - chip8_cpu:cpu|stack[6][2]               ; 0                 ; 6       ;
;      - chip8_cpu:cpu|stack[14][2]              ; 0                 ; 6       ;
;      - chip8_cpu:cpu|stack[4][2]               ; 0                 ; 6       ;
;      - chip8_cpu:cpu|stack[3][2]               ; 0                 ; 6       ;
;      - chip8_cpu:cpu|stack[9][2]               ; 0                 ; 6       ;
;      - chip8_cpu:cpu|stack[11][2]              ; 0                 ; 6       ;
;      - chip8_cpu:cpu|stack[1][2]               ; 0                 ; 6       ;
;      - chip8_cpu:cpu|stack[13][2]              ; 0                 ; 6       ;
;      - chip8_cpu:cpu|stack[7][2]               ; 0                 ; 6       ;
;      - chip8_cpu:cpu|stack[15][2]              ; 0                 ; 6       ;
;      - chip8_cpu:cpu|stack[5][2]               ; 0                 ; 6       ;
;      - chip8_cpu:cpu|stack[2][2]               ; 0                 ; 6       ;
;      - chip8_cpu:cpu|stack[8][2]               ; 0                 ; 6       ;
;      - chip8_cpu:cpu|stack[10][2]              ; 0                 ; 6       ;
;      - chip8_cpu:cpu|stack[0][2]               ; 0                 ; 6       ;
;      - chip8_cpu:cpu|stack[12][8]              ; 0                 ; 6       ;
;      - chip8_cpu:cpu|stack[9][8]               ; 0                 ; 6       ;
;      - chip8_cpu:cpu|stack[13][8]              ; 0                 ; 6       ;
;      - chip8_cpu:cpu|stack[8][8]               ; 0                 ; 6       ;
;      - chip8_cpu:cpu|stack[6][8]               ; 0                 ; 6       ;
;      - chip8_cpu:cpu|stack[3][8]               ; 0                 ; 6       ;
;      - chip8_cpu:cpu|stack[7][8]               ; 0                 ; 6       ;
;      - chip8_cpu:cpu|stack[2][8]               ; 0                 ; 6       ;
;      - chip8_cpu:cpu|stack[14][8]              ; 0                 ; 6       ;
;      - chip8_cpu:cpu|stack[11][8]              ; 0                 ; 6       ;
;      - chip8_cpu:cpu|stack[15][8]              ; 0                 ; 6       ;
;      - chip8_cpu:cpu|stack[10][8]              ; 0                 ; 6       ;
;      - chip8_cpu:cpu|stack[4][8]               ; 0                 ; 6       ;
;      - chip8_cpu:cpu|stack[1][8]               ; 0                 ; 6       ;
;      - chip8_cpu:cpu|stack[5][8]               ; 0                 ; 6       ;
;      - chip8_cpu:cpu|stack[0][8]               ; 0                 ; 6       ;
;      - chip8_cpu:cpu|stack[10][3]              ; 0                 ; 6       ;
;      - chip8_cpu:cpu|stack[12][3]              ; 0                 ; 6       ;
;      - chip8_cpu:cpu|stack[14][3]              ; 0                 ; 6       ;
;      - chip8_cpu:cpu|stack[8][3]               ; 0                 ; 6       ;
;      - chip8_cpu:cpu|stack[3][3]               ; 0                 ; 6       ;
;      - chip8_cpu:cpu|stack[5][3]               ; 0                 ; 6       ;
;      - chip8_cpu:cpu|stack[7][3]               ; 0                 ; 6       ;
;      - chip8_cpu:cpu|stack[1][3]               ; 0                 ; 6       ;
;      - chip8_cpu:cpu|stack[11][3]              ; 0                 ; 6       ;
;      - chip8_cpu:cpu|stack[13][3]              ; 0                 ; 6       ;
;      - chip8_cpu:cpu|stack[15][3]              ; 0                 ; 6       ;
;      - chip8_cpu:cpu|stack[9][3]               ; 0                 ; 6       ;
;      - chip8_cpu:cpu|stack[4][3]               ; 0                 ; 6       ;
;      - chip8_cpu:cpu|stack[2][3]               ; 0                 ; 6       ;
;      - chip8_cpu:cpu|stack[6][3]               ; 0                 ; 6       ;
;      - chip8_cpu:cpu|stack[0][3]               ; 0                 ; 6       ;
;      - chip8_cpu:cpu|opcode_hi[3]              ; 0                 ; 6       ;
;      - chip8_cpu:cpu|opcode_hi[2]              ; 0                 ; 6       ;
;      - chip8_cpu:cpu|opcode_hi[1]              ; 0                 ; 6       ;
;      - chip8_cpu:cpu|opcode_hi[0]              ; 0                 ; 6       ;
;      - chip8_cpu:cpu|opcode_lo[7]              ; 0                 ; 6       ;
;      - chip8_cpu:cpu|opcode_lo[6]              ; 0                 ; 6       ;
;      - chip8_cpu:cpu|opcode_lo[5]              ; 0                 ; 6       ;
;      - chip8_cpu:cpu|opcode_lo[4]              ; 0                 ; 6       ;
;      - chip8_cpu:cpu|opcode_hi[7]              ; 0                 ; 6       ;
;      - chip8_cpu:cpu|opcode_hi[6]              ; 0                 ; 6       ;
;      - chip8_cpu:cpu|opcode_hi[5]              ; 0                 ; 6       ;
;      - chip8_cpu:cpu|opcode_hi[4]              ; 0                 ; 6       ;
;      - chip8_cpu:cpu|opcode_lo[3]              ; 0                 ; 6       ;
;      - chip8_cpu:cpu|opcode_lo[2]              ; 0                 ; 6       ;
;      - chip8_cpu:cpu|opcode_lo[1]              ; 0                 ; 6       ;
;      - chip8_cpu:cpu|opcode_lo[0]              ; 0                 ; 6       ;
;      - display:framebuffer|collision           ; 0                 ; 6       ;
;      - chip8_cpu:cpu|timer_tick                ; 0                 ; 6       ;
;      - chip8_cpu:cpu|timer_div[2]              ; 0                 ; 6       ;
;      - chip8_cpu:cpu|timer_div[3]              ; 0                 ; 6       ;
;      - chip8_cpu:cpu|timer_div[1]              ; 0                 ; 6       ;
;      - chip8_cpu:cpu|timer_div[0]              ; 0                 ; 6       ;
;      - chip8_cpu:cpu|timer_div[19]             ; 0                 ; 6       ;
;      - chip8_cpu:cpu|timer_div[18]             ; 0                 ; 6       ;
;      - chip8_cpu:cpu|timer_div[17]             ; 0                 ; 6       ;
;      - chip8_cpu:cpu|timer_div[16]             ; 0                 ; 6       ;
;      - chip8_cpu:cpu|timer_div[15]             ; 0                 ; 6       ;
;      - chip8_cpu:cpu|timer_div[13]             ; 0                 ; 6       ;
;      - chip8_cpu:cpu|timer_div[12]             ; 0                 ; 6       ;
;      - chip8_cpu:cpu|timer_div[14]             ; 0                 ; 6       ;
;      - chip8_cpu:cpu|timer_div[10]             ; 0                 ; 6       ;
;      - chip8_cpu:cpu|timer_div[9]              ; 0                 ; 6       ;
;      - chip8_cpu:cpu|timer_div[8]              ; 0                 ; 6       ;
;      - chip8_cpu:cpu|timer_div[5]              ; 0                 ; 6       ;
;      - chip8_cpu:cpu|timer_div[4]              ; 0                 ; 6       ;
;      - chip8_cpu:cpu|timer_div[7]              ; 0                 ; 6       ;
;      - chip8_cpu:cpu|timer_div[6]              ; 0                 ; 6       ;
;      - chip8_cpu:cpu|timer_div[11]             ; 0                 ; 6       ;
+------------------------------------------------+-------------------+---------+


+-------------------------------------------------------------------------------------------------------------------------------------------------------------------------------------+
; Control Signals                                                                                                                                                                     ;
+---------------------------------------------+--------------------+---------+-------------------------+--------+----------------------+------------------+---------------------------+
; Name                                        ; Location           ; Fan-Out ; Usage                   ; Global ; Global Resource Used ; Global Line Name ; Enable Signal Source Name ;
+---------------------------------------------+--------------------+---------+-------------------------+--------+----------------------+------------------+---------------------------+
; chip8_cpu:cpu|Decoder0~11                   ; LCCOMB_X41_Y31_N16 ; 12      ; Clock enable            ; no     ; --                   ; --               ; --                        ;
; chip8_cpu:cpu|Decoder0~13                   ; LCCOMB_X46_Y32_N10 ; 12      ; Clock enable            ; no     ; --                   ; --               ; --                        ;
; chip8_cpu:cpu|Decoder0~15                   ; LCCOMB_X41_Y31_N2  ; 12      ; Clock enable            ; no     ; --                   ; --               ; --                        ;
; chip8_cpu:cpu|Decoder0~17                   ; LCCOMB_X44_Y32_N8  ; 12      ; Clock enable            ; no     ; --                   ; --               ; --                        ;
; chip8_cpu:cpu|Decoder0~18                   ; LCCOMB_X41_Y31_N0  ; 12      ; Clock enable            ; no     ; --                   ; --               ; --                        ;
; chip8_cpu:cpu|Decoder0~19                   ; LCCOMB_X46_Y32_N16 ; 12      ; Clock enable            ; no     ; --                   ; --               ; --                        ;
; chip8_cpu:cpu|Decoder0~2                    ; LCCOMB_X40_Y31_N8  ; 12      ; Clock enable            ; no     ; --                   ; --               ; --                        ;
; chip8_cpu:cpu|Decoder0~20                   ; LCCOMB_X41_Y31_N30 ; 12      ; Clock enable            ; no     ; --                   ; --               ; --                        ;
; chip8_cpu:cpu|Decoder0~21                   ; LCCOMB_X44_Y32_N22 ; 12      ; Clock enable            ; no     ; --                   ; --               ; --                        ;
; chip8_cpu:cpu|Decoder0~22                   ; LCCOMB_X40_Y31_N12 ; 12      ; Clock enable            ; no     ; --                   ; --               ; --                        ;
; chip8_cpu:cpu|Decoder0~23                   ; LCCOMB_X40_Y31_N30 ; 12      ; Clock enable            ; no     ; --                   ; --               ; --                        ;
; chip8_cpu:cpu|Decoder0~24                   ; LCCOMB_X40_Y31_N24 ; 12      ; Clock enable            ; no     ; --                   ; --               ; --                        ;
; chip8_cpu:cpu|Decoder0~25                   ; LCCOMB_X43_Y31_N26 ; 12      ; Clock enable            ; no     ; --                   ; --               ; --                        ;
; chip8_cpu:cpu|Decoder0~5                    ; LCCOMB_X43_Y31_N20 ; 12      ; Clock enable            ; no     ; --                   ; --               ; --                        ;
; chip8_cpu:cpu|Decoder0~7                    ; LCCOMB_X40_Y31_N18 ; 12      ; Clock enable            ; no     ; --                   ; --               ; --                        ;
; chip8_cpu:cpu|Decoder0~9                    ; LCCOMB_X43_Y31_N2  ; 12      ; Clock enable            ; no     ; --                   ; --               ; --                        ;
; chip8_cpu:cpu|I[0]~16                       ; LCCOMB_X46_Y26_N0  ; 12      ; Clock enable            ; no     ; --                   ; --               ; --                        ;
; chip8_cpu:cpu|Selector42~1                  ; LCCOMB_X44_Y27_N14 ; 3       ; Clock enable            ; no     ; --                   ; --               ; --                        ;
; chip8_cpu:cpu|V[0][6]~147                   ; LCCOMB_X49_Y27_N10 ; 6       ; Clock enable            ; no     ; --                   ; --               ; --                        ;
; chip8_cpu:cpu|V[0][7]~72                    ; LCCOMB_X48_Y30_N14 ; 30      ; Clock enable            ; no     ; --                   ; --               ; --                        ;
; chip8_cpu:cpu|V[10][6]~142                  ; LCCOMB_X50_Y27_N4  ; 6       ; Clock enable            ; no     ; --                   ; --               ; --                        ;
; chip8_cpu:cpu|V[11][6]~144                  ; LCCOMB_X49_Y28_N30 ; 6       ; Clock enable            ; no     ; --                   ; --               ; --                        ;
; chip8_cpu:cpu|V[12][6]~151                  ; LCCOMB_X50_Y27_N10 ; 6       ; Clock enable            ; no     ; --                   ; --               ; --                        ;
; chip8_cpu:cpu|V[13][6]~150                  ; LCCOMB_X49_Y27_N28 ; 6       ; Clock enable            ; no     ; --                   ; --               ; --                        ;
; chip8_cpu:cpu|V[14][6]~149                  ; LCCOMB_X50_Y27_N20 ; 6       ; Clock enable            ; no     ; --                   ; --               ; --                        ;
; chip8_cpu:cpu|V[15][3]~156                  ; LCCOMB_X46_Y26_N30 ; 5       ; Clock enable            ; no     ; --                   ; --               ; --                        ;
; chip8_cpu:cpu|V[1][6]~145                   ; LCCOMB_X48_Y26_N16 ; 6       ; Clock enable            ; no     ; --                   ; --               ; --                        ;
; chip8_cpu:cpu|V[2][6]~146                   ; LCCOMB_X50_Y27_N6  ; 6       ; Clock enable            ; no     ; --                   ; --               ; --                        ;
; chip8_cpu:cpu|V[3][6]~148                   ; LCCOMB_X48_Y26_N26 ; 6       ; Clock enable            ; no     ; --                   ; --               ; --                        ;
; chip8_cpu:cpu|V[4][6]~139                   ; LCCOMB_X50_Y27_N12 ; 6       ; Clock enable            ; no     ; --                   ; --               ; --                        ;
; chip8_cpu:cpu|V[5][6]~138                   ; LCCOMB_X50_Y27_N14 ; 6       ; Clock enable            ; no     ; --                   ; --               ; --                        ;
; chip8_cpu:cpu|V[6][6]~137                   ; LCCOMB_X50_Y27_N28 ; 6       ; Clock enable            ; no     ; --                   ; --               ; --                        ;
; chip8_cpu:cpu|V[7][6]~140                   ; LCCOMB_X50_Y27_N30 ; 6       ; Clock enable            ; no     ; --                   ; --               ; --                        ;
; chip8_cpu:cpu|V[8][6]~143                   ; LCCOMB_X49_Y28_N20 ; 6       ; Clock enable            ; no     ; --                   ; --               ; --                        ;
; chip8_cpu:cpu|V[9][6]~141                   ; LCCOMB_X48_Y28_N28 ; 6       ; Clock enable            ; no     ; --                   ; --               ; --                        ;
; chip8_cpu:cpu|delay_timer[0]~15             ; LCCOMB_X48_Y25_N30 ; 8       ; Clock enable            ; no     ; --                   ; --               ; --                        ;
; chip8_cpu:cpu|delay_timer~12                ; LCCOMB_X46_Y26_N6  ; 9       ; Sync. load              ; no     ; --                   ; --               ; --                        ;
; chip8_cpu:cpu|display_clear                 ; FF_X45_Y28_N5      ; 2050    ; Sync. clear             ; no     ; --                   ; --               ; --                        ;
; chip8_cpu:cpu|display_draw                  ; FF_X28_Y22_N25     ; 99      ; Sync. clear             ; no     ; --                   ; --               ; --                        ;
; chip8_cpu:cpu|draw_height[3]~0              ; LCCOMB_X45_Y27_N4  ; 15      ; Clock enable            ; no     ; --                   ; --               ; --                        ;
; chip8_cpu:cpu|draw_row[3]~0                 ; LCCOMB_X44_Y27_N20 ; 4       ; Clock enable            ; no     ; --                   ; --               ; --                        ;
; chip8_cpu:cpu|ir[14]                        ; FF_X45_Y27_N15     ; 71      ; Sync. load              ; no     ; --                   ; --               ; --                        ;
; chip8_cpu:cpu|ir[15]                        ; FF_X45_Y27_N17     ; 77      ; Sync. load              ; no     ; --                   ; --               ; --                        ;
; chip8_cpu:cpu|mem_addr[11]~14               ; LCCOMB_X44_Y27_N8  ; 11      ; Clock enable            ; no     ; --                   ; --               ; --                        ;
; chip8_cpu:cpu|pc[10]~4                      ; LCCOMB_X44_Y27_N0  ; 10      ; Clock enable            ; no     ; --                   ; --               ; --                        ;
; chip8_cpu:cpu|state.DRAW_READ               ; FF_X44_Y27_N13     ; 22      ; Clock enable            ; no     ; --                   ; --               ; --                        ;
; chip8_cpu:cpu|state.EXECUTE                 ; FF_X46_Y26_N5      ; 53      ; Sync. clear, Sync. load ; no     ; --                   ; --               ; --                        ;
; chip8_cpu:cpu|state.FETCH_HI                ; FF_X44_Y27_N25     ; 11      ; Clock enable            ; no     ; --                   ; --               ; --                        ;
; chip8_cpu:cpu|state.FETCH_LO                ; FF_X43_Y27_N5      ; 11      ; Clock enable            ; no     ; --                   ; --               ; --                        ;
; chip8_cpu:cpu|state.LOAD                    ; FF_X43_Y27_N25     ; 19      ; Clock enable            ; no     ; --                   ; --               ; --                        ;
; clk_50                                      ; PIN_R8             ; 2536    ; Clock                   ; yes    ; Global Clock         ; GCLK18           ; --                        ;
; display:framebuffer|framebuffer[9][41]~1206 ; LCCOMB_X18_Y9_N2   ; 1024    ; Clock enable            ; no     ; --                   ; --               ; --                        ;
; freq_div:pixel_enable|tick_25MHZ            ; FF_X14_Y32_N29     ; 12      ; Clock enable            ; no     ; --                   ; --               ; --                        ;
; reset_n                                     ; PIN_J15            ; 2519    ; Async. clear            ; no     ; --                   ; --               ; --                        ;
; vga_timing:timing|vcount[1]~0               ; LCCOMB_X14_Y32_N4  ; 10      ; Clock enable            ; no     ; --                   ; --               ; --                        ;
+---------------------------------------------+--------------------+---------+-------------------------+--------+----------------------+------------------+---------------------------+


+------------------------------------------------------------------------------------------------------------------------------------------+
; Global & Other Fast Signals                                                                                                              ;
+--------+----------+---------+--------------------------------------+----------------------+------------------+---------------------------+
; Name   ; Location ; Fan-Out ; Fan-Out Using Intentional Clock Skew ; Global Resource Used ; Global Line Name ; Enable Signal Source Name ;
+--------+----------+---------+--------------------------------------+----------------------+------------------+---------------------------+
; clk_50 ; PIN_R8   ; 2536    ; 0                                    ; Global Clock         ; GCLK18           ; --                        ;
+--------+----------+---------+--------------------------------------+----------------------+------------------+---------------------------+


+-------------------------------------------------------+
; Non-Global High Fan-Out Signals                       ;
+---------------------------------------------+---------+
; Name                                        ; Fan-Out ;
+---------------------------------------------+---------+
; chip8_cpu:cpu|display_x[0]                  ; 2591    ;
; reset_n~input                               ; 2519    ;
; chip8_cpu:cpu|display_x[1]                  ; 2208    ;
; chip8_cpu:cpu|display_clear                 ; 2050    ;
; chip8_cpu:cpu|display_x[2]                  ; 1723    ;
; chip8_cpu:cpu|display_x[3]                  ; 1059    ;
; display:framebuffer|framebuffer[9][41]~1206 ; 1024    ;
+---------------------------------------------+---------+


+--------------------------------------------------+
; Routing Usage Summary                            ;
+-----------------------+--------------------------+
; Routing Resource Type ; Usage                    ;
+-----------------------+--------------------------+
; Block interconnects   ; 32,092 / 71,559 ( 45 % ) ;
; C16 interconnects     ; 819 / 2,597 ( 32 % )     ;
; C4 interconnects      ; 19,075 / 46,848 ( 41 % ) ;
; Direct links          ; 1,971 / 71,559 ( 3 % )   ;
; Global clocks         ; 1 / 20 ( 5 % )           ;
; Local interconnects   ; 12,456 / 24,624 ( 51 % ) ;
; R24 interconnects     ; 889 / 2,496 ( 36 % )     ;
; R4 interconnects      ; 21,716 / 62,424 ( 35 % ) ;
+-----------------------+--------------------------+


+------------------------------------------------------------------------------+
; LAB Logic Elements                                                           ;
+---------------------------------------------+--------------------------------+
; Number of Logic Elements  (Average = 14.94) ; Number of LABs  (Total = 1253) ;
+---------------------------------------------+--------------------------------+
; 1                                           ; 3                              ;
; 2                                           ; 6                              ;
; 3                                           ; 3                              ;
; 4                                           ; 4                              ;
; 5                                           ; 6                              ;
; 6                                           ; 5                              ;
; 7                                           ; 4                              ;
; 8                                           ; 12                             ;
; 9                                           ; 9                              ;
; 10                                          ; 20                             ;
; 11                                          ; 17                             ;
; 12                                          ; 23                             ;
; 13                                          ; 40                             ;
; 14                                          ; 99                             ;
; 15                                          ; 191                            ;
; 16                                          ; 811                            ;
+---------------------------------------------+--------------------------------+


+---------------------------------------------------------------------+
; LAB-wide Signals                                                    ;
+------------------------------------+--------------------------------+
; LAB-wide Signals  (Average = 2.36) ; Number of LABs  (Total = 1253) ;
+------------------------------------+--------------------------------+
; 1 Async. clear                     ; 825                            ;
; 1 Clock                            ; 829                            ;
; 1 Clock enable                     ; 503                            ;
; 1 Sync. clear                      ; 739                            ;
; 1 Sync. load                       ; 20                             ;
; 2 Clock enables                    ; 36                             ;
+------------------------------------+--------------------------------+


+-------------------------------------------------------------------------------+
; LAB Signals Sourced                                                           ;
+----------------------------------------------+--------------------------------+
; Number of Signals Sourced  (Average = 16.89) ; Number of LABs  (Total = 1253) ;
+----------------------------------------------+--------------------------------+
; 0                                            ; 0                              ;
; 1                                            ; 3                              ;
; 2                                            ; 2                              ;
; 3                                            ; 3                              ;
; 4                                            ; 6                              ;
; 5                                            ; 5                              ;
; 6                                            ; 5                              ;
; 7                                            ; 2                              ;
; 8                                            ; 10                             ;
; 9                                            ; 7                              ;
; 10                                           ; 19                             ;
; 11                                           ; 11                             ;
; 12                                           ; 8                              ;
; 13                                           ; 25                             ;
; 14                                           ; 42                             ;
; 15                                           ; 94                             ;
; 16                                           ; 310                            ;
; 17                                           ; 179                            ;
; 18                                           ; 224                            ;
; 19                                           ; 156                            ;
; 20                                           ; 65                             ;
; 21                                           ; 17                             ;
; 22                                           ; 15                             ;
; 23                                           ; 5                              ;
; 24                                           ; 11                             ;
; 25                                           ; 3                              ;
; 26                                           ; 6                              ;
; 27                                           ; 7                              ;
; 28                                           ; 3                              ;
; 29                                           ; 0                              ;
; 30                                           ; 3                              ;
; 31                                           ; 7                              ;
+----------------------------------------------+--------------------------------+


+----------------------------------------------------------------------------------+
; LAB Signals Sourced Out                                                          ;
+-------------------------------------------------+--------------------------------+
; Number of Signals Sourced Out  (Average = 6.65) ; Number of LABs  (Total = 1253) ;
+-------------------------------------------------+--------------------------------+
; 0                                               ; 0                              ;
; 1                                               ; 34                             ;
; 2                                               ; 59                             ;
; 3                                               ; 89                             ;
; 4                                               ; 115                            ;
; 5                                               ; 147                            ;
; 6                                               ; 204                            ;
; 7                                               ; 202                            ;
; 8                                               ; 124                            ;
; 9                                               ; 95                             ;
; 10                                              ; 63                             ;
; 11                                              ; 33                             ;
; 12                                              ; 24                             ;
; 13                                              ; 15                             ;
; 14                                              ; 14                             ;
; 15                                              ; 15                             ;
; 16                                              ; 16                             ;
; 17                                              ; 1                              ;
; 18                                              ; 1                              ;
; 19                                              ; 0                              ;
; 20                                              ; 1                              ;
; 21                                              ; 0                              ;
; 22                                              ; 1                              ;
+-------------------------------------------------+--------------------------------+


+-------------------------------------------------------------------------------+
; LAB Distinct Inputs                                                           ;
+----------------------------------------------+--------------------------------+
; Number of Distinct Inputs  (Average = 24.53) ; Number of LABs  (Total = 1253) ;
+----------------------------------------------+--------------------------------+
; 0                                            ; 0                              ;
; 1                                            ; 0                              ;
; 2                                            ; 2                              ;
; 3                                            ; 0                              ;
; 4                                            ; 2                              ;
; 5                                            ; 5                              ;
; 6                                            ; 3                              ;
; 7                                            ; 2                              ;
; 8                                            ; 6                              ;
; 9                                            ; 2                              ;
; 10                                           ; 9                              ;
; 11                                           ; 3                              ;
; 12                                           ; 16                             ;
; 13                                           ; 11                             ;
; 14                                           ; 9                              ;
; 15                                           ; 17                             ;
; 16                                           ; 29                             ;
; 17                                           ; 34                             ;
; 18                                           ; 27                             ;
; 19                                           ; 40                             ;
; 20                                           ; 67                             ;
; 21                                           ; 56                             ;
; 22                                           ; 82                             ;
; 23                                           ; 74                             ;
; 24                                           ; 94                             ;
; 25                                           ; 90                             ;
; 26                                           ; 109                            ;
; 27                                           ; 60                             ;
; 28                                           ; 64                             ;
; 29                                           ; 76                             ;
; 30                                           ; 55                             ;
; 31                                           ; 64                             ;
; 32                                           ; 51                             ;
; 33                                           ; 31                             ;
; 34                                           ; 24                             ;
; 35                                           ; 20                             ;
; 36                                           ; 13                             ;
; 37                                           ; 6                              ;
+----------------------------------------------+--------------------------------+


+------------------------------------------+
; I/O Rules Summary                        ;
+----------------------------------+-------+
; I/O Rules Statistic              ; Total ;
+----------------------------------+-------+
; Total I/O Rules                  ; 30    ;
; Number of I/O Rules Passed       ; 12    ;
; Number of I/O Rules Failed       ; 0     ;
; Number of I/O Rules Unchecked    ; 0     ;
; Number of I/O Rules Inapplicable ; 18    ;
+----------------------------------+-------+


+-----------------------------------------------------------------------------------------------------------------------------------------------------------------------------------------------------------------------------------------------------------------------------------------------------+
; I/O Rules Details                                                                                                                                                                                                                                                                                   ;
+--------------+-----------+-----------------------------------+------------------------------------------------------------------------------------------------------+----------+--------------------------------------------------------------------------+---------------------+-------------------+
; Status       ; ID        ; Category                          ; Rule Description                                                                                     ; Severity ; Information                                                              ; Area                ; Extra Information ;
+--------------+-----------+-----------------------------------+------------------------------------------------------------------------------------------------------+----------+--------------------------------------------------------------------------+---------------------+-------------------+
; Inapplicable ; IO_000002 ; Capacity Checks                   ; Number of clocks in an I/O bank should not exceed the number of clocks available.                    ; Critical ; No Global Signal assignments found.                                      ; I/O                 ;                   ;
; Pass         ; IO_000001 ; Capacity Checks                   ; Number of pins in an I/O bank should not exceed the number of locations available.                   ; Critical ; 0 such failures found.                                                   ; I/O                 ;                   ;
; Pass         ; IO_000003 ; Capacity Checks                   ; Number of pins in a Vrefgroup should not exceed the number of locations available.                   ; Critical ; 0 such failures found.                                                   ; I/O                 ;                   ;
; Inapplicable ; IO_000004 ; Voltage Compatibility Checks      ; The I/O bank should support the requested VCCIO.                                                     ; Critical ; No IOBANK_VCCIO assignments found.                                       ; I/O                 ;                   ;
; Inapplicable ; IO_000005 ; Voltage Compatibility Checks      ; The I/O bank should not have competing VREF values.                                                  ; Critical ; No VREF I/O Standard assignments found.                                  ; I/O                 ;                   ;
; Pass         ; IO_000006 ; Voltage Compatibility Checks      ; The I/O bank should not have competing VCCIO values.                                                 ; Critical ; 0 such failures found.                                                   ; I/O                 ;                   ;
; Pass         ; IO_000007 ; Valid Location Checks             ; Checks for unavailable locations.                                                                    ; Critical ; 0 such failures found.                                                   ; I/O                 ;                   ;
; Inapplicable ; IO_000008 ; Valid Location Checks             ; Checks for reserved locations.                                                                       ; Critical ; No reserved LogicLock region found.                                      ; I/O                 ;                   ;
; Inapplicable ; IO_000047 ; I/O Properties Checks for One I/O ; On Chip Termination and Slew Rate should not be used at the same time.                               ; Critical ; No Slew Rate assignments found.                                          ; I/O                 ;                   ;
; Inapplicable ; IO_000046 ; I/O Properties Checks for One I/O ; The location should support the requested Slew Rate value.                                           ; Critical ; No Slew Rate assignments found.                                          ; I/O                 ;                   ;
; Inapplicable ; IO_000045 ; I/O Properties Checks for One I/O ; The I/O standard should support the requested Slew Rate value.                                       ; Critical ; No Slew Rate assignments found.                                          ; I/O                 ;                   ;
; Inapplicable ; IO_000027 ; I/O Properties Checks for One I/O ; Weak Pull Up and Bus Hold should not be used at the same time.                                       ; Critical ; No Enable Bus-Hold Circuitry or Weak Pull-Up Resistor assignments found. ; I/O                 ;                   ;
; Inapplicable ; IO_000026 ; I/O Properties Checks for One I/O ; On Chip Termination and Current Strength should not be used at the same time.                        ; Critical ; No Current Strength assignments found.                                   ; I/O                 ;                   ;
; Pass         ; IO_000024 ; I/O Properties Checks for One I/O ; The I/O direction should support the On Chip Termination value.                                      ; Critical ; 0 such failures found.                                                   ; I/O                 ;                   ;
; Inapplicable ; IO_000023 ; I/O Properties Checks for One I/O ; The I/O standard should support the Open Drain value.                                                ; Critical ; No open drain assignments found.                                         ; I/O                 ;                   ;
; Inapplicable ; IO_000022 ; I/O Properties Checks for One I/O ; The I/O standard should support the requested Bus Hold value.                                        ; Critical ; No Enable Bus-Hold Circuitry assignments found.                          ; I/O                 ;                   ;
; Inapplicable ; IO_000021 ; I/O Properties Checks for One I/O ; The I/O standard should support the requested Weak Pull Up value.                                    ; Critical ; No Weak Pull-Up Resistor assignments found.                              ; I/O                 ;                   ;
; Pass         ; IO_000020 ; I/O Properties Checks for One I/O ; The I/O standard should support the requested PCI Clamp Diode.                                       ; Critical ; 0 such failures found.                                                   ; I/O                 ;                   ;
; Pass         ; IO_000019 ; I/O Properties Checks for One I/O ; The I/O standard should support the requested On Chip Termination value.                             ; Critical ; 0 such failures found.                                                   ; I/O                 ;                   ;
; Inapplicable ; IO_000018 ; I/O Properties Checks for One I/O ; The I/O standard should support the requested Current Strength.                                      ; Critical ; No Current Strength assignments found.                                   ; I/O                 ;                   ;
; Pass         ; IO_000015 ; I/O Properties Checks for One I/O ; The location should support the requested PCI Clamp Diode.                                           ; Critical ; 0 such failures found.                                                   ; I/O                 ;                   ;
; Inapplicable ; IO_000014 ; I/O Properties Checks for One I/O ; The location should support the requested Weak Pull Up value.                                        ; Critical ; No Weak Pull-Up Resistor assignments found.                              ; I/O                 ;                   ;
; Inapplicable ; IO_000013 ; I/O Properties Checks for One I/O ; The location should support the requested Bus Hold value.                                            ; Critical ; No Enable Bus-Hold Circuitry assignments found.                          ; I/O                 ;                   ;
; Pass         ; IO_000012 ; I/O Properties Checks for One I/O ; The location should support the requested On Chip Termination value.                                 ; Critical ; 0 such failures found.                                                   ; I/O                 ;                   ;
; Inapplicable ; IO_000011 ; I/O Properties Checks for One I/O ; The location should support the requested Current Strength.                                          ; Critical ; No Current Strength assignments found.                                   ; I/O                 ;                   ;
; Pass         ; IO_000010 ; I/O Properties Checks for One I/O ; The location should support the requested I/O direction.                                             ; Critical ; 0 such failures found.                                                   ; I/O                 ;                   ;
; Pass         ; IO_000009 ; I/O Properties Checks for One I/O ; The location should support the requested I/O standard.                                              ; Critical ; 0 such failures found.                                                   ; I/O                 ;                   ;
; Pass         ; IO_000033 ; Electromigration Checks           ; Current density for consecutive I/Os should not exceed 240mA for row I/Os and 240mA for column I/Os. ; Critical ; 0 such failures found.                                                   ; I/O                 ;                   ;
; Inapplicable ; IO_000034 ; SI Related Distance Checks        ; Single-ended outputs should be 5 LAB row(s) away from a differential I/O.                            ; High     ; No Differential I/O Standard assignments found.                          ; I/O                 ;                   ;
; Inapplicable ; IO_000042 ; SI Related SSO Limit Checks       ; No more than 20 outputs are allowed in a VREF group when VREF is being read from.                    ; High     ; No VREF I/O Standard assignments found.                                  ; I/O                 ;                   ;
; ----         ; ----      ; Disclaimer                        ; OCT rules are checked but not reported.                                                              ; None     ; ----                                                                     ; On Chip Termination ;                   ;
+--------------+-----------+-----------------------------------+------------------------------------------------------------------------------------------------------+----------+--------------------------------------------------------------------------+---------------------+-------------------+


+-----------------------------------------------------------------------------------------------------------------------------------------------------------------------------------------------------------------------------------------------------------------------------------------------------------------------------------------------------------------------------------------------------------------------------------------------------------------+
; I/O Rules Matrix                                                                                                                                                                                                                                                                                                                                                                                                                                                ;
+--------------------+--------------+-----------+-----------+--------------+--------------+-----------+-----------+--------------+--------------+--------------+--------------+--------------+--------------+--------------+--------------+--------------+--------------+--------------+--------------+--------------+--------------+--------------+--------------+--------------+--------------+-----------+-----------+-----------+--------------+--------------+
; Pin/Rules          ; IO_000002    ; IO_000001 ; IO_000003 ; IO_000004    ; IO_000005    ; IO_000006 ; IO_000007 ; IO_000008    ; IO_000047    ; IO_000046    ; IO_000045    ; IO_000027    ; IO_000026    ; IO_000024    ; IO_000023    ; IO_000022    ; IO_000021    ; IO_000020    ; IO_000019    ; IO_000018    ; IO_000015    ; IO_000014    ; IO_000013    ; IO_000012    ; IO_000011    ; IO_000010 ; IO_000009 ; IO_000033 ; IO_000034    ; IO_000042    ;
+--------------------+--------------+-----------+-----------+--------------+--------------+-----------+-----------+--------------+--------------+--------------+--------------+--------------+--------------+--------------+--------------+--------------+--------------+--------------+--------------+--------------+--------------+--------------+--------------+--------------+--------------+-----------+-----------+-----------+--------------+--------------+
; Total Pass         ; 0            ; 8         ; 8         ; 0            ; 0            ; 8         ; 8         ; 0            ; 0            ; 0            ; 0            ; 0            ; 0            ; 6            ; 0            ; 0            ; 0            ; 2            ; 6            ; 0            ; 2            ; 0            ; 0            ; 6            ; 0            ; 8         ; 8         ; 8         ; 0            ; 0            ;
; Total Unchecked    ; 0            ; 0         ; 0         ; 0            ; 0            ; 0         ; 0         ; 0            ; 0            ; 0            ; 0            ; 0            ; 0            ; 0            ; 0            ; 0            ; 0            ; 0            ; 0            ; 0            ; 0            ; 0            ; 0            ; 0            ; 0            ; 0         ; 0         ; 0         ; 0            ; 0            ;
; Total Inapplicable ; 8            ; 0         ; 0         ; 8            ; 8            ; 0         ; 0         ; 8            ; 8            ; 8            ; 8            ; 8            ; 8            ; 2            ; 8            ; 8            ; 8            ; 6            ; 2            ; 8            ; 6            ; 8            ; 8            ; 2            ; 8            ; 0         ; 0         ; 0         ; 8            ; 8            ;
; Total Fail         ; 0            ; 0         ; 0         ; 0            ; 0            ; 0         ; 0         ; 0            ; 0            ; 0            ; 0            ; 0            ; 0            ; 0            ; 0            ; 0            ; 0            ; 0            ; 0            ; 0            ; 0            ; 0            ; 0            ; 0            ; 0            ; 0         ; 0         ; 0         ; 0            ; 0            ;
; r                  ; Inapplicable ; Pass      ; Pass      ; Inapplicable ; Inapplicable ; Pass      ; Pass      ; Inapplicable ; Inapplicable ; Inapplicable ; Inapplicable ; Inapplicable ; Inapplicable ; Pass         ; Inapplicable ; Inapplicable ; Inapplicable ; Inapplicable ; Pass         ; Inapplicable ; Inapplicable ; Inapplicable ; Inapplicable ; Pass         ; Inapplicable ; Pass      ; Pass      ; Pass      ; Inapplicable ; Inapplicable ;
; g                  ; Inapplicable ; Pass      ; Pass      ; Inapplicable ; Inapplicable ; Pass      ; Pass      ; Inapplicable ; Inapplicable ; Inapplicable ; Inapplicable ; Inapplicable ; Inapplicable ; Pass         ; Inapplicable ; Inapplicable ; Inapplicable ; Inapplicable ; Pass         ; Inapplicable ; Inapplicable ; Inapplicable ; Inapplicable ; Pass         ; Inapplicable ; Pass      ; Pass      ; Pass      ; Inapplicable ; Inapplicable ;
; b                  ; Inapplicable ; Pass      ; Pass      ; Inapplicable ; Inapplicable ; Pass      ; Pass      ; Inapplicable ; Inapplicable ; Inapplicable ; Inapplicable ; Inapplicable ; Inapplicable ; Pass         ; Inapplicable ; Inapplicable ; Inapplicable ; Inapplicable ; Pass         ; Inapplicable ; Inapplicable ; Inapplicable ; Inapplicable ; Pass         ; Inapplicable ; Pass      ; Pass      ; Pass      ; Inapplicable ; Inapplicable ;
; vga_hsync          ; Inapplicable ; Pass      ; Pass      ; Inapplicable ; Inapplicable ; Pass      ; Pass      ; Inapplicable ; Inapplicable ; Inapplicable ; Inapplicable ; Inapplicable ; Inapplicable ; Pass         ; Inapplicable ; Inapplicable ; Inapplicable ; Inapplicable ; Pass         ; Inapplicable ; Inapplicable ; Inapplicable ; Inapplicable ; Pass         ; Inapplicable ; Pass      ; Pass      ; Pass      ; Inapplicable ; Inapplicable ;
; vga_vsync          ; Inapplicable ; Pass      ; Pass      ; Inapplicable ; Inapplicable ; Pass      ; Pass      ; Inapplicable ; Inapplicable ; Inapplicable ; Inapplicable ; Inapplicable ; Inapplicable ; Pass         ; Inapplicable ; Inapplicable ; Inapplicable ; Inapplicable ; Pass         ; Inapplicable ; Inapplicable ; Inapplicable ; Inapplicable ; Pass         ; Inapplicable ; Pass      ; Pass      ; Pass      ; Inapplicable ; Inapplicable ;
; status_led         ; Inapplicable ; Pass      ; Pass      ; Inapplicable ; Inapplicable ; Pass      ; Pass      ; Inapplicable ; Inapplicable ; Inapplicable ; Inapplicable ; Inapplicable ; Inapplicable ; Pass         ; Inapplicable ; Inapplicable ; Inapplicable ; Inapplicable ; Pass         ; Inapplicable ; Inapplicable ; Inapplicable ; Inapplicable ; Pass         ; Inapplicable ; Pass      ; Pass      ; Pass      ; Inapplicable ; Inapplicable ;
; clk_50             ; Inapplicable ; Pass      ; Pass      ; Inapplicable ; Inapplicable ; Pass      ; Pass      ; Inapplicable ; Inapplicable ; Inapplicable ; Inapplicable ; Inapplicable ; Inapplicable ; Inapplicable ; Inapplicable ; Inapplicable ; Inapplicable ; Pass         ; Inapplicable ; Inapplicable ; Pass         ; Inapplicable ; Inapplicable ; Inapplicable ; Inapplicable ; Pass      ; Pass      ; Pass      ; Inapplicable ; Inapplicable ;
; reset_n            ; Inapplicable ; Pass      ; Pass      ; Inapplicable ; Inapplicable ; Pass      ; Pass      ; Inapplicable ; Inapplicable ; Inapplicable ; Inapplicable ; Inapplicable ; Inapplicable ; Inapplicable ; Inapplicable ; Inapplicable ; Inapplicable ; Pass         ; Inapplicable ; Inapplicable ; Pass         ; Inapplicable ; Inapplicable ; Inapplicable ; Inapplicable ; Pass      ; Pass      ; Pass      ; Inapplicable ; Inapplicable ;
+--------------------+--------------+-----------+-----------+--------------+--------------+-----------+-----------+--------------+--------------+--------------+--------------+--------------+--------------+--------------+--------------+--------------+--------------+--------------+--------------+--------------+--------------+--------------+--------------+--------------+--------------+-----------+-----------+-----------+--------------+--------------+


+---------------------------------------------------------------------------------------------+
; Fitter Device Options                                                                       ;
+------------------------------------------------------------------+--------------------------+
; Option                                                           ; Setting                  ;
+------------------------------------------------------------------+--------------------------+
; Enable user-supplied start-up clock (CLKUSR)                     ; Off                      ;
; Enable device-wide reset (DEV_CLRn)                              ; Off                      ;
; Enable device-wide output enable (DEV_OE)                        ; Off                      ;
; Enable INIT_DONE output                                          ; Off                      ;
; Configuration scheme                                             ; Active Serial            ;
; Error detection CRC                                              ; Off                      ;
; Enable open drain on CRC_ERROR pin                               ; Off                      ;
; Enable input tri-state on active configuration pins in user mode ; Off                      ;
; Configuration Voltage Level                                      ; Auto                     ;
; Force Configuration Voltage Level                                ; Off                      ;
; nCEO                                                             ; As output driving ground ;
; Data[0]                                                          ; As input tri-stated      ;
; Data[1]/ASDO                                                     ; As input tri-stated      ;
; Data[7..2]                                                       ; Unreserved               ;
; FLASH_nCE/nCSO                                                   ; As input tri-stated      ;
; Other Active Parallel pins                                       ; Unreserved               ;
; DCLK                                                             ; As output driving ground ;
+------------------------------------------------------------------+--------------------------+


+------------------------------------+
; Operating Settings and Conditions  ;
+---------------------------+--------+
; Setting                   ; Value  ;
+---------------------------+--------+
; Nominal Core Voltage      ; 1.20 V ;
; Low Junction Temperature  ; 0 °C   ;
; High Junction Temperature ; 85 °C  ;
+---------------------------+--------+


+-----------------+
; Fitter Messages ;
+-----------------+
Warning (18236): Number of processors has not been specified which may cause overloading on shared machines.  Set the global assignment NUM_PARALLEL_PROCESSORS in your QSF to an appropriate value for best performance.
Info (20030): Parallel compilation is enabled and will use 12 of the 12 processors detected
Info (119006): Selected device EP4CE22F17C6 for design "top"
Info (21077): Low junction temperature is 0 degrees C
Info (21077): High junction temperature is 85 degrees C
Info (171003): Fitter is performing an Auto Fit compilation, which may decrease Fitter effort to reduce compilation time
Warning (292013): Feature LogicLock is only available with a valid subscription license. You can purchase a software subscription to gain full access to this feature.
Info (176444): Device migration not selected. If you intend to use device migration later, you may need to change the pin assignments as they may be incompatible with other devices
    Info (176445): Device EP4CE10F17C6 is compatible
    Info (176445): Device EP4CE6F17C6 is compatible
    Info (176445): Device EP4CE15F17C6 is compatible
Info (169124): Fitter converted 5 user pins into dedicated programming pins
    Info (169125): Pin ~ALTERA_ASDO_DATA1~ is reserved at location C1
    Info (169125): Pin ~ALTERA_FLASH_nCE_nCSO~ is reserved at location D2
    Info (169125): Pin ~ALTERA_DCLK~ is reserved at location H1
    Info (169125): Pin ~ALTERA_DATA0~ is reserved at location H2
    Info (169125): Pin ~ALTERA_nCEO~ is reserved at location F16
Warning (15714): Some pins have incomplete I/O assignments. Refer to the I/O Assignment Warnings report for details
Info (332104): Reading SDC File: 'top.sdc'
Critical Warning (332168): The following clock transfers have no clock uncertainty assignment. For more accurate results, apply clock uncertainty assignments or use the derive_clock_uncertainty command.
    Critical Warning (332169): From clk_50 (Rise) to clk_50 (Rise) (setup and hold)
Info (332129): Detected timing requirements -- optimizing circuit to achieve only the specified requirements
Info (332111): Found 1 clocks
    Info (332111):   Period   Clock Name
    Info (332111): ======== ============
    Info (332111):   20.000       clk_50
Info (176353): Automatically promoted node clk_50~input (placed in PIN R8 (CLK15, DIFFCLK_6p)) File: /home/akshat/projects/chip8_vga/src/top.v Line: 4
    Info (176355): Automatically promoted destinations to use location or clock signal Global Clock CLKCTRL_G18
Info (176233): Starting register packing
Info (176235): Finished register packing
    Extra Info (176219): No registers were packed into other blocks
Info (171121): Fitter preparation operations ending: elapsed time is 00:00:12
Info (14896): Fitter has disabled Advanced Physical Optimization because it is not supported for the current family.
Info (170189): Fitter placement preparation operations beginning
Info (170190): Fitter placement preparation operations ending: elapsed time is 00:00:04
Info (170191): Fitter placement operations beginning
Info (170137): Fitter placement was successful
Info (170192): Fitter placement operations ending: elapsed time is 00:00:35
Info (170193): Fitter routing operations beginning
Info (170195): Router estimated average interconnect usage is 35% of the available device resources
    Info (170196): Router estimated peak interconnect usage is 65% of the available device resources in the region that extends from location X21_Y11 to location X31_Y22
Info (170199): The Fitter performed an Auto Fit compilation.  Optimizations were skipped to reduce compilation time.
    Info (170201): Optimizations that may affect the design's routability were skipped
    Info (170200): Optimizations that may affect the design's timing were skipped
Info (170194): Fitter routing operations ending: elapsed time is 00:00:44
Info (11888): Total time spent on timing analysis during the Fitter is 6.82 seconds.
Info (334003): Started post-fitting delay annotation
Info (334004): Delay annotation completed successfully
Info (334003): Started post-fitting delay annotation
Info (334004): Delay annotation completed successfully
Info (11218): Fitter post-fit operations ending: elapsed time is 00:00:07
Info: Quartus Prime Fitter was successful. 0 errors, 5 warnings
    Info: Peak virtual memory: 1763 megabytes
    Info: Processing ended: Tue Jul 28 00:59:25 2026
    Info: Elapsed time: 00:01:52
    Info: Total CPU time (on all processors): 00:05:26


